"last_name, first_name","player_id","year","pitch_hand","arm_angle","n_ff_formatted","ff_avg_speed","ff_avg_spin","ff_avg_break_x","ff_avg_break_z_induced","n_sl_formatted","sl_avg_speed","sl_avg_spin","sl_avg_break_x","sl_avg_break_z_induced","n_ch_formatted","ch_avg_speed","ch_avg_spin","ch_avg_break_x","ch_avg_break_z_induced","n_cu_formatted","cu_avg_speed","cu_avg_spin","cu_avg_break_x","cu_avg_break_z_induced","n_si_formatted","si_avg_speed","si_avg_spin","si_avg_break_x","si_avg_break_z_induced","n_fc_formatted","fc_avg_speed","fc_avg_spin","fc_avg_break_x","fc_avg_break_z_induced","n_fs_formatted","fs_avg_speed","fs_avg_spin","fs_avg_break_x","fs_avg_break_z_induced","n_st_formatted","st_avg_speed","st_avg_spin","st_avg_break_x","st_avg_break_z_induced","n_sv_formatted","sv_avg_speed","sv_avg_spin","sv_avg_break_x","sv_avg_break_z_induced"
"Mey, Luis",682825,2026,"R",30.2,"4.1","97.2","2357","-2.5","9.8","36.7","85.2","2424","13","1.9",,,,,,,,,,,"59.2","98","2270","-14.7","5.2",,,,,,,,,,,,,,,,,,,,
"Baker, Bryan",641329,2026,"R",55.2,"52.9","96.3","2281","-3.8","19.2","3.3","87.4","2428","7.2","1.6","43.8","85.2","1844","-14.9","8.7",,,,,,,,,,,,,,,,,,,,,,,,,,,,,,
"Feltner, Ryan",663372,2026,"R",44,"28.4","94.8","2381","-3.9","12.9","23.1","89.1","2516","4.5","5.8","18.5","85.1","1603","-4.5","5.5","5","79.3","2658","8","-7.9","14.1","94.2","2326","-12","8.2",,,,,,,,,,,"10.9","81.8","2633","12.3","-2.9",,,,,
"Perkins, Jack",678022,2026,"R",33.2,"29.4","95.7","2237","-9.9","14.6","0.9","88.3","2739","4.2","-1.8","18.8","89.5","1183","-12.8","0.4","1.6","84.5","2805","4.9","-7.9","5.5","94.8","2263","-16.1","8.9","15.3","92.6","2456","-0.6","7.7",,,,,,"28.4","86.3","2773","11.9","1.7",,,,,
"Peralta, Freddy",642547,2026,"R",33.7,"53","94.3","2429","-7","16.7","4","83.1","2347","2.8","3.5","23.4","87.4","1964","-17.7","3.4","13.9","79.2","2287","4.8","-3.6",,,,,,,,,,,,,,,,"5.7","82.4","2503","10.1","6.2",,,,,
"Wells, Tyler",669330,2026,"R",52.5,"28.1","93.4","2417","-3.3","18.6","14.9","86.7","2459","5.7","4.3","22.3","87.1","2214","-14.8","14","4.4","78.1","2611","5.8","-10.5",,,,,,"30.3","90.4","2448","4.7","12.1",,,,,,,,,,,,,,,
"McCullers Jr., Lance",621121,2026,"R",31.1,"3.7","91.6","2138","-8.2","14.1",,,,,,"14.9","85.4","1710","-15.7","1.4","14.6","81.6","2818","13.6","-8.8","21.9","91.2","2070","-15.1","5.7","27.6","89","2335","2.7","8.2",,,,,,"17.3","82.3","2702","17.1","6",,,,,
"Finnegan, Kyle",640448,2026,"R",51.7,"51.6","96.2","2222","-8.5","17.7","16.8","85.5","2179","3.1","0.6",,,,,,,,,,,,,,,,,,,,,"31.6","87.2","1068","-8.9","6.8",,,,,,,,,,
"Banks, Tanner",621383,2026,"L",49.5,"21.1","92","2136","2.3","15","35.7","86.9","2327","-5","4.6","4.8","83.7","1688","10.5","2.8",,,,,,"15.8","91.2","1980","13.2","9.7",,,,,,,,,,,"22.6","81.6","2310","-13.9","2.2",,,,,
"Faucher, Calvin",676534,2026,"R",41.2,"11","96.4","2421","-8.5","14.3","2.3","91.8","2903","3.1","0.3",,,,,,"13","85.6","3047","10.3","-14","16","96","2288","-16.1","4.6","32","93.3","2749","3.2","4.6",,,,,,"25.6","87.7","3055","14.9","-1.1",,,,,
"Tidwell, Blade",694918,2026,"R",38.8,"33.5","95.1","2211","-7.4","16.6","9.1","88","2417","4.2","3.7","4.4","83.4","1587","-11.3","5.7","4","83.4","2446","4.1","-8.9","17.4","93.1","2088","-15.7","10",,,,,,,,,,,"31.7","82.5","2869","13.8","5.5",,,,,
"Kittredge, Andrew",552640,2026,"R",41.1,"12.2","94.2","2498","-2","15.8","48.2","88.9","2620","5.7","1.8",,,,,,,,,,,"39.5","94.9","2308","-15.5","10",,,,,,,,,,,,,,,,,,,,
"McGreevy, Michael",700241,2026,"R",33.2,"24.6","91.9","2236","-8.6","12.4","4.4","83.6","2394","3.5","-1.7","20.4","87","1710","-13.8","2","12.6","78.6","2529","12.4","-11.8","16.2","90.8","2189","-12.1","4.7","11.2","87.6","2312","0.9","6.2",,,,,,"10.6","81.8","2463","14.2","-1.8",,,,,
"Sabrowski, Erik",681870,2026,"L",45.3,"65","94.1","2538","9.9","19.2","16.2","86.6","2566","-1.6","4.5",,,,,,"18.8","81.9","2641","-5.7","-10.5",,,,,,,,,,,,,,,,,,,,,,,,,
"Hoffman, Jeff",656546,2026,"R",32.9,"31.1","96.4","2539","-13.8","16.2","44.6","86.5","2787","3.2","-1.2",,,,,,,,,,,"4.5","96.1","2463","-16","13.2",,,,,,"19.8","89.4","1727","-15.2","2.1",,,,,,,,,,
"Bender, Anthony",669622,2026,"R",15.2,"1.5","96.8","2438","-12","13.6","12.8","86.6","2753","6.3","-2","2.2","88.6","1427","-14.4","-2.2",,,,,,"31.7","96.4","2314","-18.3","2",,,,,,,,,,,"51.8","83.5","2860","20.2","3",,,,,
"Hurt, Kyle",669165,2026,"R",44.5,"55.1","96.6","2076","-8.7","16.5","9.4","88","2159","1","1.3","35.4","88.7","1350","-13.5","3.6",,,,,,,,,,,,,,,,,,,,,,,,,,,,,,
"Molina, Anthony",683627,2026,"R",50.3,"48.4","96.3","2211","-6.1","17.7","10.5","87.9","2055","4.1","7.1","21.6","87.1","1946","-15.4","7.7","14.2","84.4","2176","4","-0.3","0.2","95.2","2401","-6.6","16.9",,,,,,,,,,,,,,,,"5","84.5","2251","4.4","6.5"
"Santana, Dennis",642701,2026,"R",30.3,"26.8","94.1","2430","-11.9","15","36","85.5","2578","1.8","2.7","13.9","88","2318","-17.3","5.1",,,,,,"12.5","93.9","2382","-17","8.5","10.9","89.9","2549","0.2","9.9",,,,,,,,,,,,,,,
"Kremer, Dean",665152,2026,"R",45.3,"26.3","92.8","2289","-6.6","18.4","17.9","87","2389","4.4","5.9",,,,,,"12.5","76.6","2814","7.9","-13.2","13.2","92","2140","-13.5","12.1","3.8","90.5","2388","1.1","15.7","25.3","82.4","1284","-10.6","10.1",,,,,,"1.2","83.4","2634","5.6","-0.4"
"Ferguson, Caleb",657571,2026,"L",39,"24.9","92.2","2350","5.6","14.8",,,,,,,,,,,,,,,,"33.4","92.3","2222","14.6","9.1","25.6","87.5","2585","-2.3","4.7",,,,,,,,,,,"16","80.1","2998","-8.1","-11.1"
"Clarke, Taylor",664199,2026,"R",43.7,"1.3","94.5","2303","-5.5","16.2","29.7","88.5","2225","4.9","4.1","27.7","90.2","1752","-14.8","1.5",,,,,,"22.6","95.3","2231","-13.7","10.2","18.7","94.3","2272","-3.8","12.4",,,,,,,,,,,,,,,
"Scott, Christian",681035,2026,"R",29.3,"47.1","95.5","2299","-9.5","15.2","0.1","82.4","2454","7.6","11.4",,,,,,"5.1","81.9","2677","9.8","-6.7","1.7","92.2","2170","-16.2","9.3","18.9","89.6","2415","2.8","7","4.3","84.7","1181","-12.9","1.6","22.8","81.4","2517","16.8","5.2",,,,,
"Poulin, PJ",676571,2026,"L",14.7,"29.8","90.1","2179","14.7","8.6",,,,,,"11.8","80.4","1554","13.6","-2.7",,,,,,"23.1","89","2094","17.3","0.9",,,,,,,,,,,"35.3","79","2369","-7.7","5.5",,,,,
"Bradish, Kyle",680694,2026,"R",53,"17","94.2","2402","1.8","13.3","24.2","87.4","2610","12.6","-0.1","0.5","90.4","1574","-15.5","8.6","21.8","84.9","2651","6.5","-12.4","36.6","94.7","2192","-11.2","12.7",,,,,,,,,,,,,,,,,,,,
"Agnos, Zach",688642,2026,"R",39,"24.7","94.4","2362","-6.8","14.5","12.3","84.9","2314","3.2","-3.2",,,,,,,,,,,"13.7","93.5","2265","-14.3","8.5","21.4","91.8","2351","1.3","9.1","10.9","86.1","1448","-9.9","1.7","17","84","2481","13.8","-2.8",,,,,
"Cruz, Steven",674444,2026,"R",27.7,"56.2","98.5","2203","-10.9","14.3","14.8","89.4","2175","5.2","3.1",,,,,,,,,,,,,,,,"28.6","93.9","2136","0","8.3",,,,,,"0.3","88.7","2317","11.2","7.9",,,,,
"Dodd, Dylan",689266,2026,"L",43.2,"0.1","94.2","2194","8.2","18.4","4.6","82.5","2411","0.7","-1.8",,,,,,,,,,,"60.1","93.9","2175","8.4","17.4","35.2","87.1","2062","1.8","6",,,,,,,,,,,,,,,
"Suarez, Ranger",624133,2026,"L",41.2,"22.7","91.5","2023","4.7","12.1","5.2","78.9","2256","-12.7","1.4","12.2","81.1","1262","10.1","2.6","16.8","75.7","2209","-10.2","-9.8","24.5","90.3","1989","14.2","6.1","18.6","88","2107","-1.5","7.9",,,,,,,,,,,,,,,
"Flaherty, Jack",656427,2026,"R",28.3,"49.2","92.7","2256","-5.8","16.1","24.3","85","2439","5.8","3.5","2.7","85.5","1818","-14.5","8.1","19.4","78.1","2402","10.9","-9.3","4.4","90.9","2062","-13.7","9.5",,,,,,,,,,,,,,,,,,,,
"Yesavage, Trey",702056,2026,"R",65.8,"46.8","94.2","2250","-4.2","19.4","24.2","87.6","2262","-3.3","5.2",,,,,,,,,,,,,,,,,,,,,"29","82.9","1392","-11.6","6.7",,,,,,,,,,
"Montero, Keider",672456,2026,"R",42.4,"30","94.3","2232","-6","16.4","19.6","86","2576","6.2","2","13.6","87","1993","-15","9.1","13.8","80.3","2873","10.9","-7.2","23","94.6","2234","-15.2","11.4",,,,,,,,,,,,,,,,,,,,
"Iglesias, Raisel",628452,2026,"R",29.9,"36.7","94.3","2330","-8.9","14.8","7.5","82.8","2696","11.2","3.8","35.8","88.4","1911","-15.3","4.9",,,,,,"20.1","94.4","2341","-17","8.2",,,,,,,,,,,,,,,,,,,,
"Sisk, Evan",681895,2026,"L",21.7,"17.3","91.5","2041","7.2","13",,,,,,"8.9","83.6","2131","16.6","3.2","26.5","77.6","2216","-11.3","-6.2","30.7","91.1","1970","15.6","5.9",,,,,,,,,,,"16.6","80.3","2234","-11.2","5.5",,,,,
"Griffin, Foster",656492,2026,"L",44.7,"16.1","91.5","2089","4.5","15.9",,,,,,"11.5","82.5","1863","14.1","7.3","8.9","77.8","2357","-8.6","-13.6","10.3","91.4","2042","14.6","10.2","32.5","88.5","2244","-4.5","7.5","5.6","81.3","1337","0.7","0.6","15","80.3","2529","-16.8","-0.9",,,,,
"Strider, Spencer",675911,2026,"R",45.1,"47.6","95.1","2338","-8.9","17.4","27.6","84","2188","4.2","4.8","10.3","85.5","2096","-15.5","8.1","14.5","78","2645","6.4","-6.9",,,,,,,,,,,,,,,,,,,,,,,,,
"Hancock, Emerson",676106,2026,"R",11.3,"39.5","95.4","2356","-12.1","9",,,,,,"5","87.1","1531","-15.2","-1.1","4.5","76.1","2578","13.6","-6.8","23.4","94.8","2357","-18","0.3","11.6","85.8","2299","3.5","3.7",,,,,,"16.1","77.2","2613","16.5","2.9",,,,,
"Loáisiga, Jonathan",642528,2026,"R",41.6,"16.1","97.6","2391","-9.5","13.2",,,,,,"27","91","1773","-16.7","5.2","14.8","89.5","2645","3.9","0.8","35.1","97.9","2301","-16.9","7.3","7","95.8","2457","-2.5","9.2",,,,,,,,,,,,,,,
"Keller, Mitch",656605,2026,"R",35.3,"32","93.3","2364","-8.6","15.1","9.3","87.2","2525","4.5","1.1","9","88.7","1540","-12.1","2.4","8.7","77.8","2649","13.1","-13.2","17.1","92.3","2374","-14.3","7.7","7.7","89.6","2489","2.4","9",,,,,,"16.3","81.9","2696","17.2","0.8",,,,,
"Yamamoto, Yoshinobu",808967,2026,"R",40.3,"26.2","96.1","2251","-8.3","16.1","6.1","86.9","2776","5.5","1.9",,,,,,"13.2","76.9","2812","12.5","-16","13.1","95.5","2311","-14.5","11.6","14.9","91.6","2472","3.1","8.2","26.6","91.5","1441","-11.8","1.8",,,,,,,,,,
"Jones, Jared",683003,2026,"R",40.5,"46.6","98.2","2538","-9.4","15.6","34","89.9","2701","2.6","1.5","11.1","92.8","1621","-12.3","3.6","8.3","85.7","2933","5.4","-8.9",,,,,,,,,,,,,,,,,,,,,,,,,
"Rodriguez, Bradgley",699134,2026,"R",43.9,"26.3","98.3","2426","-5.9","17.2","6","88.8","2558","3.6","4","42.5","90.2","1801","-16.6","8.1",,,,,,"25.2","97.8","2287","-14.4","11.9",,,,,,,,,,,,,,,,,,,,
"Basso, Brady",669620,2026,"L",49.4,"43.8","92.5","2283","3.6","15","14.5","83.6","2113","-3.2","4","4.3","86.7","1958","15.5","11.2","17.8","77.4","2235","-1.6","-11","8","92.4","2153","13.7","11.5","11.1","89.1","2223","-1.6","7.6",,,,,,"0.4","81.8","2139","-11.8","5.1",,,,,
"Gibson, Cade",806188,2026,"L",31.4,"4.9","92","2331","9.7","14.6","16","87.4","2829","-3.3","6.2","8.4","86.5","1709","11.9","1.2","21","79.1","3122","-14.5","-15.5","22.8","92.2","2285","15.6","6.8",,,,,,,,,,,"26.9","80.2","3174","-21.5","0.1",,,,,
"Cabrera, Edward",665795,2026,"R",33.4,"16.9","96.3","2256","-11.9","13.5","11.5","89.3","2404","0.1","4","30.6","93.1","1746","-17.2","3.6","19.7","84.9","2487","6.3","-7.6","21.3","96.7","2233","-16.4","9.2",,,,,,,,,,,,,,,,,,,,
"Ritchie, JR",702275,2026,"R",25.8,"18.9","94.7","2355","-9.2","14.4","5.9","85.1","2553","4.3","0.3","17.7","87.9","1652","-13.8","0","26.3","82.9","2623","12.9","-11.7","22.6","94","2299","-16.1","6.5","8.5","89","2472","1.7","7.2",,,,,,,,,,,,,,,
"Herget, Jimmy",623474,2026,"R",4.1,"8.4","92.1","2423","-12.8","8.9","4.8","84.1","2762","1","3.8","8.8","85.3","1586","-9.7","-0.2",,,,,,"22.1","90.8","2418","-15.8","0","28.3","86.2","2624","0.1","7.6",,,,,,"27.7","78.2","2964","14.3","3.3",,,,,
"Cano, Yennier",666974,2026,"R",16.9,"4.7","94.6","2205","-11.8","7.8","0.8","87.2","2439","5.1","1.4",,,,,,,,,,,"54.9","94.8","2088","-15.7","-2.1",,,,,,"27.7","90.8","1528","-12","-5.2","12","85.7","2504","13.1","1.4",,,,,
"Sugano, Tomoyuki",608372,2026,"R",40.6,"20.5","92.6","2416","-5.7","14.7","9.3","85.5","2599","3.5","-0.1",,,,,,"8.1","79.9","2703","6.6","-9.3","19","92.5","2301","-13.1","10.9","10.7","89","2491","1.3","5.7","21.1","86.9","1657","-10.7","5.6","11.2","83.8","2588","8.9","2.1",,,,,
"Gore, MacKenzie",669022,2026,"L",47.2,"47.4","95.1","2241","6.9","16.3","10","85.6","2069","-4.5","3","13.1","86.2","1973","13.1","9.6","18","81.5","2265","-3.3","-11.4","5.3","95.1","2124","13.6","13.9","6.2","89.9","1928","-1.5","7.6",,,,,,,,,,,,,,,
"Alvarado, José",621237,2026,"L",58.1,"1.9","97.2","1992","7.7","15.4",,,,,,,,,,,"2.6","84.7","2338","-0.5","-4","63.2","97.8","2025","14.3","12.4","32.3","91.5","2120","-2.6","5.2",,,,,,,,,,,,,,,
"Smith, Cade",671922,2026,"R",38.5,"64.4","97.5","2371","-7.6","16.8",,,,,,,,,,,,,,,,,,,,,,,,,,"25.2","87.1","578","-5.7","-5.2","10.4","85.5","2166","13.8","2.4",,,,,
"Jansen, Kenley",445276,2026,"R",60.3,,,,,,"10.5","84.5","2515","5.1","-3",,,,,,,,,,,"6.8","93.9","2361","-6.4","19.3","82.8","92.5","2660","5","16.5",,,,,,,,,,,,,,,
"Kikuchi, Yusei",579328,2026,"L",46.5,"40.5","95.5","2240","6.5","14.9","25.4","87.4","2389","-2.3","1.9",,,,,,"11.3","79.9","2574","-7.8","-6.7",,,,,,"5.5","90.3","2302","-1.8","9.3","17.3","86.6","1592","8.9","8.4",,,,,,,,,,
"Myers, Tobias",668964,2026,"R",63.7,"46.2","92.5","2236","-4.4","20","13.6","82.2","2081","5.7","0.7",,,,,,"0.7","72.4","2257","3.4","-9.5",,,,,,"12.8","86.6","2154","5.2","12.2","25.4","80.2","1439","-8.9","8.5","1.3","79.7","2465","12.1","-2",,,,,
"Littell, Zack",641793,2026,"R",39.4,"25.5","91.7","2016","-6.5","16.4","28.3","88.2","2111","1.5","10.2",,,,,,,,,,,"14.5","91.4","1958","-14.3","11.2",,,,,,"23.1","84.1","1146","-11.3","0.6","8.7","79.3","2182","12.2","-4.3",,,,,
"Ekness, Josh",694795,2026,"R",24,"54.1","98","2527","-7.4","14.6",,,,,,,,,,,"8.4","85.9","2711","8.5","-5.8","12.2","98.6","2308","-14.3","2.8",,,,,,,,,,,"25.3","85.4","2634","15.5","4.6",,,,,
"Morejon, Adrian",670970,2026,"L",41.2,"14.2","99.3","2447","6","15.2","15.2","89.4","2892","-5.7","-0.5","23.1","92.1","1041","10.7","-1.1",,,,,,"47.6","99.5","2403","16","9.2",,,,,,,,,,,,,,,,,,,,
"McLean, Nolan",690997,2026,"R",30.8,"19.4","96","2346","-11.5","14","3.9","86","2962","10.8","3.9","6.2","88.2","1296","-13.1","-1.9","14.6","82","3368","17.5","-13","34.7","95","2227","-17.8","5.1","10.5","92.1","2545","1","6.8",,,,,,"10.7","84.9","3014","18.7","-1.4",,,,,
"Waldron, Matt",663362,2026,"R",29.6,"17.8","92","2063","-7.8","14",,,,,,,,,,,,,,,,"16.4","91.5","2006","-15.3","8.7","21","87.9","2134","2.4","8",,,,,,"14.6","80.9","2222","13.2","4.4",,,,,
"Parker, Mitchell",680730,2026,"L",56.8,"33.9","93.6","2167","5.4","18","49.9","83.2","2273","-8","0.2",,,,,,"15.5","79","2256","-8.7","-8.4",,,,,,,,,,,"0.6","84.6","826","8.7","6.4",,,,,,,,,,
"Ferrer, José A.",678606,2026,"L",31.7,"0.6","98","2193","15.3","9.4","12.5","88.4","2451","-2.8","0.3","18","87.6","2254","18.8","3.6",,,,,,"68.9","97.6","2142","18.4","6.1",,,,,,,,,,,,,,,,,,,,
"Williams, Gavin",668909,2026,"R",33.4,"27.3","97.6","2300","-10.6","14.5",,,,,,,,,,,"22.4","82.6","2468","10.5","-14.3","15.6","97","2049","-15.5","9.2","5.9","92.4","2227","-1.4","6.4",,,,,,"28.8","87.5","2302","11.3","-0.9",,,,,
"Black, Mason",696131,2026,"R",26.6,"21.2","94","2138","-12.5","13.9","13.1","86.9","2360","-0.1","1.6","4.1","87.9","1310","-14.5","1.2","7","81.2","2550","3.5","-6.1","25.9","93.8","2092","-16.5","8.7","8.3","90.4","2152","-4","7.6",,,,,,"20.3","83","2616","12.9","-2.9",,,,,
"Englert, Mason",669438,2026,"R",41.7,"17.3","92.8","2313","-9.3","17.4","5.6","81.7","2351","3.1","-3.6","26.8","86.4","2071","-14.1","0.9","19.8","74.2","2680","11.9","-14.9","19.9","91.7","2177","-15.7","12.8","10.3","86.2","2132","2.2","4.3",,,,,,"0.3","80.6","2219","11.9","3.3",,,,,
"Sproat, Brandon",687075,2026,"R",33.1,"24.9","96.8","2050","-7.2","12.7",,,,,,"7.9","91.3","1702","-14.4","2.8","9.8","83","2529","10.8","-11.3","26.1","96.1","1990","-15.2","5.4","21.1","92.9","2144","1.7","7.7",,,,,,"10.1","86.2","2519","13.2","3.3",,,,,
"Winn, Cole",668390,2026,"R",39.6,"31.6","95.4","2401","-5.6","17.2","23.8","85.9","2658","2.4","-3.7",,,,,,"0.1","81.1","2491","2","-0.8","1.5","93.9","2291","-15.9","10","28.6","91.2","2529","1.3","8.5","14.4","87.4","1729","-14.3","2",,,,,,,,,,
"Suárez, Albert",544150,2026,"R",42.6,"53.4","93.6","2317","-5.8","16.9",,,,,,"16.1","84.9","2027","-17","8.3","9.4","77.8","2267","5.4","-6.9",,,,,,"21","85.7","2173","1.9","9.1",,,,,,,,,,,"0.1","81","2268","1.1","2.1"
"Henriquez, Edgardo",683618,2026,"R",38,"34.4","100.7","2539","-8.5","15.6","21.9","87.4","2718","7.3","0.3",,,,,,"4.2","82.1","2894","10.9","-12.8","24.9","100.9","2486","-15.6","11.8","14.6","94.7","2668","2","9.1",,,,,,,,,,,,,,,
"Martin, Davis",663436,2026,"R",35.7,"26.6","93.9","2408","-5.4","13.9","12.8","87.1","2603","4.8","1.3","14.8","90.1","2118","-13.3","1.1","14.5","81.7","2871","13.9","-7.8","18.6","92.8","2394","-14.2","7.9","12.7","89.7","2574","1.6","7.2",,,,,,,,,,,,,,,
"Rogers, Taylor",573124,2026,"L",28.9,,,,,,"0.7","84.5","2545","-6.4","-1.1",,,,,,,,,,,"36.4","92.1","2161","16.8","8.7","13.8","88.2","2349","0.1","5",,,,,,"49.2","77.9","2821","-16.6","-0.1",,,,,
"Burns, Chase",695505,2026,"R",53.2,"55.4","97.6","2633","-3.4","18.5","38.9","90.2","2774","3.2","0.4","5.2","90.2","1831","-14.8","10.3","0","81.9","2717","0.8","-5.5","0.5","97.1","2520","-11.1","13.7",,,,,,,,,,,,,,,,,,,,
"Domínguez, Seranthony",622554,2026,"R",29.5,"43.1","97.3","2331","-5.3","14.2",,,,,,,,,,,"1.4","83.4","2318","6","-9.9","16.5","97.6","2249","-15.1","10",,,,,,"11.3","85.9","976","-9.4","2.5","27.7","85.1","2457","10.4","4.4",,,,,
"Sandoval, Patrick",663776,2026,"L",50.1,"25.3","93.4","2054","7.4","16.3","20.5","86.7","2547","-7.3","4.2","28.1","83.2","1698","14.7","9.5","3.9","75.6","2698","-10.4","-11.7","17","93.9","2057","13.5","13",,,,,,,,,,,"5.2","80.5","2649","-16.5","1.9",,,,,
"Johnson, Seth",686751,2026,"R",44.6,"46.4","97.7","2381","-8.4","17","33.6","88.3","2545","4.6","2.2",,,,,,"4.8","82.3","2759","14.5","-3.7","8.9","95.6","2149","-14.3","9.4",,,,,,"1.2","91.1","1553","-10.6","5.2","5.1","84.7","2732","13.4","6.5",,,,,
"Ramírez, Yohan",670990,2026,"R",26.2,"20.8","96.6","2354","-10.7","13.1",,,,,,"0.4","88.8","2043","-17.3","5.5","10.6","84.3","2453","13.7","-6","24.4","96.3","2247","-17.4","5.7",,,,,,,,,,,"43.9","84.3","2664","16.1","2.7",,,,,
"Smith-Shawver, AJ",700363,2026,"R",38.3,"39.1","96.3","2164","-10.9","15.6","4.4","83.6","2135","3.1","0.2",,,,,,"10.1","75.9","2348","12.2","-11.2","7.3","95.1","2086","-15.6","11.5","3.5","88.4","2228","2.9","6.4","35.6","83","1299","-11.8","1.7",,,,,,,,,,
"Schlittler, Cam",693645,2026,"R",42.1,"44.5","98","2540","-5.2","16.9","0.9","89.6","2512","6.7","4.5",,,,,,"9.8","86.3","2534","6.1","-10.5","19.3","97.8","2383","-13.6","10.9","25.6","94.6","2593","5.7","10.3",,,,,,,,,,,,,,,
"Bednar, David",670280,2026,"R",39.7,"40.6","96.1","2350","-8.8","18",,,,,,,,,,,"18.2","77","2408","7.7","-6.5",,,,,,,,,,,"41.2","90.8","1648","-8.9","3.3",,,,,,,,,,
"Hicks, Jordan",663855,2026,"R",36.8,"20.7","99.4","2297","-10.7","14.4",,,,,,,,,,,,,,,,"45.5","99.1","1991","-16.2","8.9",,,,,,"3.5","91.2","1142","-11","1.2","30.3","86.4","2261","7.3","-0.4",,,,,
"Glasnow, Tyler",607192,2026,"R",55.8,"34.7","95.5","2521","-0.6","16","17.7","89.9","2636","4.2","2.2",,,,,,"26.3","81.3","2831","6.2","-15.8","21.3","95.8","2490","-10.8","14.3",,,,,,,,,,,,,,,,,,,,
"Hader, Josh",623352,2026,"L",31.8,,,,,,"35.7","84.5","2491","-0.8","2.6",,,,,,,,,,,"64.3","95.1","2267","8.9","18.6",,,,,,,,,,,,,,,,,,,,
"Matsui, Yuki",673513,2026,"L",54.3,"38.1","92","2452","4.8","19.2","30.3","84.9","2725","-4.3","2.9",,,,,,,,,,,"2.9","90.9","2128","12.6","12.5",,,,,,"25.9","83.5","1174","8.5","3.7","2.9","81.1","2878","-14.1","-2.7",,,,,
"Barnett, Mason",686930,2026,"R",55.2,"49.2","94.9","2229","-1.1","15.1","17.8","87.3","2503","3.4","-2.4","7.6","85.3","992","-9.3","1.1","10.2","79","2697","8.7","-15.2",,,,,,,,,,,,,,,,"15.2","83.6","2685","15.7","-4.2",,,,,
"Bachman, Sam",696147,2026,"R",34.1,"3.5","98.4","2315","-11.9","13.3","51.4","88.3","2672","2.2","-1.4","14.5","91.7","1873","-15.2","-2.1",,,,,,"30.1","98.6","2350","-16.7","8.1",,,,,,,,,,,"0.5","86.4","2727","8.8","-3.6",,,,,
"Taylor, Grant",691799,2026,"R",58,"43.7","98.1","2338","-1.9","16.7","16.6","89.5","2618","6","0.2",,,,,,"27.1","83.8","2517","1.8","-15.7","12.3","98.9","2305","-11.5","13.1","0.3","95.3","2593","2","6.1",,,,,,,,,,,,,,,
"Mayza, Tim",641835,2026,"L",42.8,"11.6","94.4","2037","8.4","13.6","29.8","87.4","2217","-1.3","-1",,,,,,,,,,,"56.5","94.2","2045","15.1","9.4",,,,,,"2.1","91.4","1589","14.1","7.2",,,,,,,,,,
"Springs, Jeffrey",605488,2026,"L",46.6,"43.3","91.3","2145","9.9","16.7","21.8","84.2","2272","-4","2.1","25","79.5","1380","12.9","6.7",,,,,,,,,,,"4.2","87.5","2210","1.4","9.8",,,,,,"5.8","77.6","2280","-12.5","1",,,,,
"Cornelio, Riley",683000,2026,"R",43.2,"36.6","96.5","2362","-9.3","17.2","48.9","84.9","2313","0.6","1.8",,,,,,,,,,,,,,,,"14.5","90","2282","1.1","9.3",,,,,,,,,,,,,,,
"Povich, Cade",700249,2026,"L",46.3,"45.5","91.8","2445","6.8","18.3","13.4","86.7","2517","-5.3","6.8","10.1","85.1","1510","14.6","6.1","22.4","76.4","2455","-8.7","-15.3","8.5","91.3","2271","14.4","13.7",,,,,,,,,,,,,,,,,,,,
"Slaten, Justin",686580,2026,"R",47.2,"25.2","96.6","2464","-1.6","17.2",,,,,,,,,,,"3.3","84.6","2711","6.4","-13.1","12.8","97.3","2380","-11.3","14.8","41.5","93.6","2520","4.1","9.1",,,,,,"17.1","86.1","2630","13.9","2",,,,,
"Petty, Chase",695534,2026,"R",32.5,"14.9","96.9","2319","-14.7","13.4","9.4","89.2","2198","1.6","3.4","23.1","87.4","1666","-15.1","0.8",,,,,,"34.4","96.2","2106","-15.4","10.8",,,,,,,,,,,"18.2","83.2","2293","12.6","2.6",,,,,
"Vásquez, Randy",681190,2026,"R",33.4,"31.8","95.1","2430","-9.4","16","6.1","86","2988","7.2","3.1","8.7","88.6","2001","-17.1","4.9","7.7","84","3108","10","-3.1","16.6","95.1","2392","-16","11","24.2","91","2703","2.2","9.1",,,,,,"5","84.3","3106","10.5","1.4",,,,,
"Martinez, Nick",607259,2026,"R",54.5,"12.6","92.7","2265","-6.1","16.8","3.8","85.2","2399","1.3","3.1","25.8","78.3","1865","-12.3","3.1","4.1","80","2512","1","-14.5","31.7","92.4","2301","-15.3","12.4","22","89.2","2323","1.1","11.2",,,,,,,,,,,,,,,
"Wilson, Bryse",669060,2026,"R",43,"17.4","93.2","2141","-6","15.6",,,,,,,,,,,"7","80.8","2416","15.1","-4.6","32.4","92.3","2103","-15.1","9.5","34.8","88","2000","2.9","6.9","8.4","85.3","1345","-12.4","3.9",,,,,,,,,,
"Hoppe, Alex",695380,2026,"R",50.3,"37.9","98.4","2288","-2.9","14.7","36.7","88.7","2351","4","-3.2","1.1","92.1","1865","-16.7","6.4",,,,,,"24.3","98.4","2142","-14.2","9.4",,,,,,,,,,,,,,,,,,,,
"Thompson, Ryan",657044,2026,"R",-12.2,"4.3","91.3","2149","-10.3","5.5","33.2","77.9","2296","14.7","8.2",,,,,,,,,,,"62.5","89.3","1984","-11.8","-8.2",,,,,,,,,,,,,,,,,,,,
"Sánchez, Cristopher",650911,2026,"L",31.3,,,,,,"18.5","86.3","2062","-1.3","-3.6","37.1","87","2046","16.9","-0.5",,,,,,"44.4","95.1","2125","18.2","4.4",,,,,,,,,,,,,,,,,,,,
"Wolfram, Grant",664991,2026,"L",40.6,"23.6","95.5","2317","5.9","14.3","11.9","87.1","2237","-1.7","2.4",,,,,,"15.6","85.4","2419","-1.1","-5.2","38.8","95.8","2236","14.7","12.4","1","92.9","2471","-2.3","10.9",,,,,,"9","86.3","2491","-6.5","-2.1",,,,,
"Dotel, Wilber",696062,2026,"R",43.4,"45.3","98.3","2297","-8.9","16.1","21.4","88","2221","5.4","1","1.6","92.3","1832","-14.8","7",,,,,,"1.8","97.1","2203","-13.6","14.7","24.5","92.5","2249","1.7","8.3","5.4","87.4","1250","-13.6","4.6",,,,,,,,,,
"Fried, Max",608331,2026,"L",45.5,"17.5","94.8","2120","3.3","16.3","0.9","85.9","2309","-3","-0.1","12.1","85.6","1646","15","4.7","13.6","73.7","2812","-10.5","-16.9","20.9","93.1","2069","10.3","4.2","22.5","91.8","2290","-2.3","7.1",,,,,,"12.3","79.8","2772","-17.7","-4.3",,,,,
"Webb, Jacob",657097,2026,"R",32.7,"42.9","94.2","2474","-9.4","16.2","8.5","85.7","2604","1.3","-2.1","38.8","85.6","2281","-17.7","9.1","7.5","81.8","2596","7","-11.4",,,,,,,,,,,,,,,,"2.3","82.5","2652","11.2","-0.5",,,,,
"Scott, Tanner",656945,2026,"L",33.7,"49.1","96.9","2547","6.6","16.3","50.9","89.3","2649","-6","1.9",,,,,,,,,,,,,,,,,,,,,,,,,,,,,,,,,,,
"Rogers, Trevor",669432,2026,"L",22.4,"46.9","93.8","2471","10.7","15.3",,,,,,"20.5","87","1584","13.8","1.9",,,,,,"10.1","93.4","2355","17.3","8","8.4","83","2223","-4.3","3.2",,,,,,"14.1","78.1","2127","-10.6","3.9",,,,,
"Bibee, Tanner",676440,2026,"R",54.7,"23.5","94","2165","-4.7","15.6",,,,,,"15.4","80.9","1869","-11.7","13","11","78.1","2581","14.2","-8","20.8","93.2","2145","-14.6","9.1","24.2","85.8","2680","6.9","2.1",,,,,,"5.2","82.5","2629","16.4","-0.6",,,,,
"Armstrong, Shawn",542888,2026,"R",40.2,"30.9","93.5","2220","-6","14.9",,,,,,,,,,,,,,,,"17","93.7","2044","-15.2","10.4","24","90","2434","3.9","7.5",,,,,,"28","84.5","2580","12.2","9.8",,,,,
"Gausman, Kevin",592332,2026,"R",37.5,"50.6","93.8","2293","-10.5","16.9","8.1","84.1","2266","1","3.4","1.2","83.9","1442","-5","14.9",,,,,,,,,,,,,,,,"39.2","84","1566","-13.9","4.3","0.9","79.7","2471","11.2","2.3",,,,,
"Gastelum, Luis",703725,2026,"R",23.9,"31.2","94.1","2550","-10.7","14.9",,,,,,"36.9","81.7","1543","-11.9","-3.7",,,,,,"8.3","93.3","2371","-16","6.6",,,,,,,,,,,"23.5","84.5","2388","12.1","0",,,,,
"Bazardo, Eduard",660825,2026,"R",42.8,"2.3","95.4","2174","-8.6","14.1",,,,,,,,,,,,,,,,"61.5","95.7","2200","-16.2","10.2",,,,,,"2","91","1691","-14.6","7.1","34.2","83.6","2636","14.8","-4.1",,,,,
"Gusto, Ryan",687473,2026,"R",46.4,"28.6","94.7","2396","-4.7","16.8","11.7","85.4","2355","5","-1.6","13.2","87.2","1289","-13.1","2.2","9.1","78.4","2495","7.7","-16.7","12.2","93.1","2196","-15.2","7","12","89.3","2369","4.6","8.7",,,,,,"13.2","81.6","2535","15.8","-1.5",,,,,
"Alvarez, Andrew",674841,2026,"L",46.6,"28.1","92.2","2324","3.1","13.8","20.2","84.2","2664","-1.5","-2","5.4","86.4","1825","15.3","4.9","32","82.9","2730","-10.9","-12.4","14.3","91.7","2277","14","5.7",,,,,,,,,,,,,,,,,,,,
"Woodruff, Brandon",605540,2026,"R",42.4,"44","91.8","2336","-4.5","18",,,,,,"21.3","82.4","1774","-15.6","8.2","4.4","76.2","2564","6","-11.4","19.2","92.4","2283","-14.3","14.1","10.3","88.5","2376","2.4","12",,,,,,"0.8","79.2","2388","12.2","3.8",,,,,
"Duran, Jhoan",661395,2026,"R",38.2,"28","100.5","2077","-12.9","13.3",,,,,,"4.6","88.7","939","-8.9","1.7","9.5","88.8","2646","1.8","-6.7",,,,,,,,,,,"47","97.6","1704","-14.1","2.9","10.9","89.5","2576","7.6","-0.8",,,,,
"Bradley, Taj",671737,2026,"R",55.7,"46.6","97.2","2311","-5.9","18.2",,,,,,,,,,,"9.3","82.8","2406","3.8","-12.3",,,,,,"24.5","89.7","2201","4.6","3.9","19.6","91.5","1742","-10.6","6.1",,,,,,,,,,
"Kinley, Tyler",641755,2026,"R",44.9,"15.2","94.4","2374","-3.1","15.7","67","87.1","2550","1.9","3","0.3","86.6","1674","-13.2","8.1","16.4","83.1","2728","3.9","-8.9","1.1","94.3","2369","-11.7","10.6",,,,,,,,,,,,,,,,,,,,
"Nance, Tommy",667297,2026,"R",45.7,"0.3","94.6","1922","-15","11.1","43.6","89.2","2571","0.4","2.7",,,,,,"28.8","84.7","2820","11.5","-14.4","27.2","94.5","2237","-15","10.2",,,,,,,,,,,,,,,,,,,,
"Fairbanks, Pete",664126,2026,"R",55,"48.7","97.2","2405","-1.6","18.1","26.4","83.7","2532","6","-8.5","1.8","94","2015","-11.1","8.6",,,,,,,,,,,"23.1","89.6","2504","5.6","3.3",,,,,,,,,,,,,,,
"Henderson, Logan",701656,2026,"R",30,"46.4","93.1","2323","-11.4","16.9",,,,,,"35.2","82.9","2557","-19.3","6.6",,,,,,,,,,,"15.2","87.8","2374","0.3","12.3",,,,,,"3.1","81.1","2350","14.7","-3.5",,,,,
"deGrom, Jacob",594798,2026,"R",34.4,"42.1","97.3","2478","-8.5","16.8","34.3","91.4","2649","4.5","3.2","13.6","89.7","1595","-13.3","3","6.7","80.9","2743","12","-5","3.3","96.6","2329","-15","11.5",,,,,,,,,,,,,,,,,,,,
"Guerrero, Tyron",594027,2026,"R",42.1,,,,,,"9.6","91.5","2119","1.7","3.9",,,,,,,,,,,"86.2","100.2","2219","-14.3","12.9",,,,,,"4.3","92","1373","-9","3.5",,,,,,,,,,
"Pivetta, Nick",601713,2026,"R",56.6,"52.2","94","2347","-3.4","20.3","0.3","86.9","2300","4.5","2.1",,,,,,"22.1","79","2724","6.6","-14.9","0.9","93.6","2248","-12.2","16.5","13.3","91.1","2371","2.5","13.7",,,,,,"11.1","81.6","2387","12","3.5",,,,,
"Waguespack, Jacob",621097,2026,"R",68.1,"41.5","92.9","2135","-2.9","18.4",,,,,,"19.8","84.5","1583","-9.5","9.5","6","76.4","2245","3.3","-11.4",,,,,,"32.7","86.8","1946","4.4","5.2",,,,,,,,,,,,,,,
"Brown, Hunter",686613,2026,"R",52.7,"30.4","96.2","2234","-8","16.7","8.8","90.7","2229","3.7","5.1","8.9","87.5","1471","-13.2","4.9","18","83.4","2529","6","-16.4","30.9","96","2135","-15.2","11","2","93","2222","2.8","7.3",,,,,,,,,,,"1","86.9","2230","1.3","-6.8"
"Tong, Jonah",804636,2026,"R",55,"45.6","94.9","2238","-6.5","18.8",,,,,,"25.2","87.1","1660","-13.9","8.2","8.7","79.5","2736","7.6","-12.2",,,,,,"20.4","90.9","2201","1.9","13.4",,,,,,,,,,,,,,,
"Ryan, Joe",657746,2026,"R",23.5,"44.3","93.5","2288","-13.4","13.5","6.8","86.3","2307","1.1","4.5",,,,,,"11.2","79.1","2768","12.9","-9.2","9.4","93.1","2178","-17.4","8.8",,,,,,"12","87.9","2142","-16.7","3.3","16.3","80.4","2778","14.6","0.8",,,,,
"Luzardo, Jesús",666200,2026,"L",29.1,"26.2","96.8","2227","12","13.6",,,,,,"18.2","86","1665","15.5","2.2",,,,,,"17.5","95.8","2224","17.9","5.9",,,,,,,,,,,"38.2","86.1","2444","-8.5","-0.8",,,,,
"Rodriguez, Eduardo",593958,2026,"L",43.8,"40","92.1","2298","6.3","15.9",,,,,,"26.5","85.4","1869","15.4","6.4","12.2","79.6","2310","-4.8","-6","8","91.6","2241","12.1","13.2","13.4","88.9","2283","-1.6","8.7",,,,,,,,,,,,,,,
"Banda, Anthony",607455,2026,"L",35,"26.2","94.6","2139","11","14.9","41","84.5","2116","-9.1","-1.7","6.4","87.3","1370","14.2","3.7",,,,,,"26.5","94.6","2078","15.9","10.4",,,,,,,,,,,,,,,,,,,,
"Shugart, Chase",663767,2026,"R",38.2,"9.2","96.1","2143","-8.9","15.9",,,,,,"9.6","89.2","1867","-15.5","6.1",,,,,,"29","95","2117","-16.4","9.8","32.1","91.5","2450","2.4","7.9",,,,,,"20.2","82.5","2740","16.8","0.3",,,,,
"Paddack, Chris",663978,2026,"R",46.3,"34.5","92.9","2209","-7.2","18.9","0.1","82.3","2078","0.5","-7.2","27.2","84.8","1687","-15.2","5.7","11.3","76.9","2143","7.1","-15.3","6.1","92.9","2089","-13.7","14.4","13.1","86.4","2017","2.9","7",,,,,,"7.7","79.3","2321","11.2","-4.2",,,,,
"Harris, Hogan",663687,2026,"L",55.8,"61.7","95.2","2336","8.7","17.9","6.2","85.5","2089","-3.5","12.6","4","83.9","2135","16.6","12.4","26.6","74","2656","-7.6","-16.9",,,,,,"1.2","91.7","2274","-0.1","13.5",,,,,,,,,,,"0.3","80.4","2554","-11","-6.2"
"Kay, Anthony",641743,2026,"L",34.6,"21.6","95.9","2349","7.2","14.9","6.1","86.3","2563","-4","-4","14.3","86.1","1756","14.1","0.1",,,,,,"18","95.3","2262","16","5.1","16.3","91.7","2393","-1.2","6.7",,,,,,"23.7","82.7","2446","-13.1","0.1",,,,,
"Painter, Andrew",691725,2026,"R",44.5,"32.8","96.6","2318","-2.2","16.7","17.6","88","2585","6.4","4","10.8","90.5","1720","-12.5","4.9","5.9","81.3","2650","8","-7.9","8.6","95.1","2179","-12","13.4",,,,,,"7.7","87.4","1593","-9.8","8.1","16.6","82.7","2674","16.4","1.9",,,,,
"Rogers, Tyler",643511,2026,"R",-60.6,,,,,,"24.1","73.5","2440","11.9","13.6",,,,,,,,,,,"75.9","83.2","1979","-1.9","-12.5",,,,,,,,,,,,,,,,,,,,
"Gilbert, Logan",669302,2026,"R",42.4,"39.8","96.4","2232","-7.1","17.2","25","86.8","2120","1","-2","7.2","85.9","1490","-15.2","2","0.1","76.5","2342","19.8","-2.5","0.6","94.3","2003","-14.7","7.8","5.1","91.2","2331","3.6","11.1","15","82","685","-4.5","-2.1","7.2","81.2","2375","14.9","-3.4",,,,,
"Newcomb, Sean",656794,2026,"L",25.8,"39.3","94.9","2258","10.5","14.1",,,,,,"2.9","86.8","1493","12.8","1.9","4.3","80.8","2953","-13","-13.9","20.9","93.6","2260","16.9","4","1.6","91.3","2513","0.4","10.7",,,,,,,,,,,"31","82.9","2855","-17.8","-4.6"
"Abbott, Andrew",671096,2026,"L",50.7,"44.6","92.4","2340","6.7","16.5",,,,,,"19.5","86.2","2008","14.6","8.7","13.1","79.8","2811","-9","-6.6",,,,,,"3.3","88.8","2609","-4.1","7.2",,,,,,"19.5","82.2","2861","-14","-0.9",,,,,
"Alexander, Tyler",641302,2026,"L",33.8,"18","91.9","2238","10","15.5",,,,,,"23.2","84.7","1479","13.6","1.9","0.1","75.4","2398","-12.3","-5.3","19.2","91.4","2109","16.3","9","21.2","88.3","2367","-0.8","9.8",,,,,,"18.4","80.3","2527","-14.7","1.7",,,,,
"May, Dustin",669160,2026,"R",34.6,"24.8","96.9","2336","-9.8","15.2",,,,,,"6.1","90.2","1619","-15.8","4.4","7.6","83.7","3113","9.2","-15.8","20.1","96.6","2365","-17.5","6.3","23.7","93.3","2460","1.3","9.4",,,,,,"17.7","86","3157","16.1","-3.9",,,,,
"Kerkering, Orion",689147,2026,"R",33.4,"33.8","97.2","2348","-11.2","15.9",,,,,,,,,,,,,,,,"18.5","96.2","2286","-16.8","10.7",,,,,,"5.7","92.1","1688","-15.7","6.6","42.1","87","2926","14.1","-0.5",,,,,
"Raley, Brooks",548384,2026,"L",32,,,,,,,,,,,"12.7","84.4","1977","16.9","-0.1",,,,,,"21.7","90.3","2415","16.6","4.8","29.7","86.7","2581","-3.8","6.5",,,,,,"35.9","80.8","2926","-17.2","4.4",,,,,
"Brazobán, Huascar",623211,2026,"R",37.8,"7.2","96.8","2239","-11.1","14","0.6","85.9","2320","-4.4","4.5","39.7","90.8","2057","-16.5","2.9",,,,,,"49.6","96.2","2285","-17.6","7.6","2.9","91.2","2293","-4","8.6",,,,,,,,,,,,,,,
"Brubaker, JT",664141,2026,"R",45.7,"6","93.2","2104","-7.8","14.1","26.4","87.1","2570","0.1","2.5","13.8","88.6","2039","-16","5.2","8.7","81.9","2700","11.9","-6.3","45.1","93.7","2220","-15.5","9.1",,,,,,,,,,,,,,,,,,,,
"Skenes, Paul",694973,2026,"R",25.8,"40.8","96.8","2176","-12.6","13","8.6","86.7","2317","3.3","1.9","12.5","88.7","1820","-15.4","6.5","0.3","81.8","2422","10.9","-7.9","11.8","96.6","2154","-17","7.3",,,,,,"10.1","93.2","1638","-13.3","1.7","15.9","84.3","2333","10.2","5.7",,,,,
"Bradford, Cody",674003,2026,"L",52.5,"51.5","88.6","2061","3.5","16.8","10.8","80.8","2058","-5.1","0.9","31.2","80.9","1594","14.2","9.2","4.5","74.4","1957","-6.7","-4.6","2.1","88.1","1934","12.3","13.8",,,,,,,,,,,,,,,,,,,,
"Irvin, Jake",663623,2026,"R",26.7,"31.9","93.2","2305","-9.4","14",,,,,,"7.8","86","2119","-16.2","4","22.7","77.7","2551","15.7","-2.5","18.9","92.1","2256","-15.7","7.5","10","89.6","2347","1.1","10.1",,,,,,"8.7","81.9","2531","10.7","5.5",,,,,
"Nunez, Anthony",689296,2026,"R",37.6,"29.9","96.1","2613","-3.9","16.6",,,,,,"22.2","87.8","1183","-6.3","-1.1",,,,,,"11.3","95.7","2387","-15.5","9.2","5.9","90.6","2534","4","5.7",,,,,,"30.7","85.8","2903","15.5","-0.7",,,,,
"Skubal, Tarik",669373,2026,"L",47.7,"38","96.8","2332","3.2","17.1","13.9","89.7","2203","-3.2","4","25.6","87.7","1847","13.7","4.8","5","80.4","2547","-8.7","-5.1","17.5","96.7","2193","13.2","12.3",,,,,,,,,,,,,,,,,,,,
"Nelson, Ryne",669194,2026,"R",54.6,"57.1","96.4","2280","-2.8","19.1","20.7","88.6","2390","3.9","3.3",,,,,,"9","81","2654","8","-7.3","3.5","95.3","2116","-8.6","17.8","9.8","93","2217","2.3","13.6",,,,,,,,,,,,,,,
"Morán, Jovani",663558,2026,"L",46.5,"39.1","92.8","2364","3.5","17.1",,,,,,"35.3","83.2","1776","14.7","7.4","0.2","79","2704","-2.6","-13","9.2","92.8","2366","12.2","12.2","11.7","85.2","2565","-3.8","5.2",,,,,,"4.4","79.6","2726","-13.9","-2.3",,,,,
"Petersen, Michael",656848,2026,"R",51.5,"61.5","98","2357","-7.6","19.4","26.7","87.8","2377","1.2","-1","11.7","89.8","1125","-9.8","8",,,,,,"0.2","98.1","2435","-10.3","18.3",,,,,,,,,,,,,,,,,,,,
"Thornton, Trent",663423,2026,"R",45.3,"31.9","95.1","2404","-4.1","16.2",,,,,,"0.3","88.5","2202","-11","6.1","16.2","81.8","3081","6.9","-12","10.6","94.6","2290","-11.6","8.8","21.9","91.1","2690","3.1","6.9",,,,,,"19.1","81.3","2909","15.8","0",,,,,
"Beeter, Clayton",690925,2026,"R",52,"49.5","95.7","2410","-3.5","17.7","50.5","86.3","2812","3.5","-5.9",,,,,,,,,,,,,,,,,,,,,,,,,,,,,,,,,,,
"Milner, Hoby",571948,2026,"L",-4.5,"15.4","87.1","1929","14.3","6.5",,,,,,"18.2","80.4","1549","14.9","-3.2",,,,,,"38.9","86.8","1899","16.9","0.3",,,,,,,,,,,"27.4","78.2","1818","-14.4","-0.3",,,,,
"Dollander, Chase",801403,2026,"R",23.3,"37.7","98.9","2356","-11.6","13","14.5","87.6","2709","6.2","-0.4","10.5","90.5","1884","-13.9","3.3","7.9","79.8","2748","14.5","-8.4","24","98.2","2395","-17.1","6",,,,,,,,,,,"5.4","85.7","2716","9.4","6.4",,,,,
"Warren, Austin",681810,2026,"R",25.7,"16","93.9","2392","-11.6","14.7",,,,,,"2.1","87.1","1864","-17","0.4","6.8","84.2","2757","9.1","-7.2","28","94.1","2278","-18.4","6.2","1.5","89","2469","-0.4","6.5",,,,,,"45.5","84.8","2767","15.4","-1.4",,,,,
"Strahm, Matt",621381,2026,"L",30.4,"38.9","91.3","2545","13","16.8","28","81.2","2678","-7.2","4.2","11.4","82.3","1675","13.9","-2.6",,,,,,"14.5","91.4","2439","16.7","11.9","7.3","87.4","2594","4.6","9.2",,,,,,,,,,,,,,,
"Ragans, Cole",666142,2026,"L",42.1,"56.1","94.9","2556","12.8","17.8","13","85","2571","-0.6","-0.4","16.5","84.2","2093","15.5","12.2","8.5","79.3","2451","-10.6","-14",,,,,,"6","89.7","2592","1.2","7.4",,,,,,,,,,,,,,,
"Funderburk, Kody",681892,2026,"L",32.8,,,,,,"4.1","87.7","2472","-0.4","5","5.8","89","1885","15.6","1.1",,,,,,"34.7","92.9","2368","15.6","7.5","35.5","92.5","2313","1.3","12.7",,,,,,"19.9","81.6","2501","-15.1","-3.4",,,,,
"Holmes, Clay",605280,2026,"R",39.3,"1.1","92.9","2217","-8.2","10.6",,,,,,"14.3","88","843","-9","-1.4","6.9","81.1","2950","10.1","-14.3","48.9","93.1","2120","-16.1","2.2","10.5","86","2601","1.6","-1.3",,,,,,"18.4","81.2","2816","16.8","-3.8",,,,,
"Erceg, Lucas",668674,2026,"R",42.7,"28.6","97.3","2107","-10.4","14","27.9","84.7","2015","1.2","-2.4","13.5","89.6","1863","-16.9","5.8",,,,,,"28.1","97","1885","-14.8","10.3","1.9","94.5","2275","1.6","7",,,,,,,,,,,,,,,
"Meyer, Max",676974,2026,"R",41.9,"24","95.1","2614","-9.2","17.4","26","90.1","2691","0.9","-1.6","10.2","87.2","1592","-14.3","5.4",,,,,,"9.7","93.6","2454","-16.4","8.9",,,,,,,,,,,"30","89","2799","8.9","-6.3",,,,,
"Pecko, Ethan",814490,2026,"R",38,"20.8","93.5","2235","-8.5","15.1",,,,,,"5.4","87.2","1640","-15.4","4.1","12.9","81.6","2571","5.4","-11.5","22.6","93","2245","-14.9","8.5","19.1","90.1","2248","1.8","8.2",,,,,,"19.2","82.7","2370","10.7","4.1",,,,,
"Stanek, Ryne",592773,2026,"R",46.4,"51.5","98","2330","-8.6","17.6","23.3","88.5","2456","3.2","0.5",,,,,,,,,,,"9.3","96.9","2164","-15.1","10.8",,,,,,"15.8","90","1225","-11.6","5","0.2","83.4","2495","13.8","-0.2",,,,,
"Williamson, Brandon",682227,2026,"L",41,"17.1","92.9","2207","8.7","17.1",,,,,,"21.1","85.4","1871","16.4","6.6","8.8","75.1","2644","-12.1","-11.5","8.4","93.1","2136","13.2","14.5","33.3","89.7","2430","-1.9","9.9",,,,,,"11.4","81.7","2626","-13.4","2",,,,,
"Corbin, Patrick",571578,2026,"L",38.3,"11.3","91.3","2137","7.2","15","27.4","79","2199","-3.1","-0.9","17.5","78.4","1204","10.8","8.3","1.6","68.1","1894","-3.4","-2.3","27.1","91.4","2049","14.5","11.2","15.2","86.3","2261","-2.4","6.1",,,,,,,,,,,,,,,
"Kuhnel, Joel",669270,2026,"R",38.3,"7.2","95.3","2270","-4.8","13","1.9","86.7","2479","4.4","-1","6","90.2","1426","-11.5","4.5","3.7","83.5","2460","5.3","-1.9","51.7","95.2","2270","-14.4","6.7","29.4","90.4","2480","3","2.3",,,,,,,,,,,,,,,
"Pérez, Cionel",672335,2026,"L",35.1,"21","96.7","2151","6","14",,,,,,,,,,,"16.2","85.5","2660","-3.6","-10","29.7","96.5","2187","14.7","6.6",,,,,,,,,,,,,,,,"33","85.6","2621","-12.7","-4"
"Baz, Shane",669358,2026,"R",37.4,"34.1","95.8","2395","-9.4","16.5",,,,,,"9.2","87.7","1881","-13.8","9","33","85.3","2623","5.2","-10.1","8.8","95.3","2275","-14.7","12.3","14.9","89.6","2322","3.3","7.1",,,,,,,,,,,,,,,
"Pearson, Nate",663878,2026,"R",43.6,"44.7","97.6","2292","-6.4","16.5","28.1","89.4","2530","5.7","1.1","2.2","85.7","1390","-9.1","5.6","11.9","81.6","2671","11.3","-10.4","13.1","97.1","2200","-14","11.9",,,,,,,,,,,,,,,,,,,,
"Fermin, José",820862,2026,"R",44,"7","96.6","2278","-7.6","16.7","58.4","90.5","2525","-1.4","2.1","4.7","93","2127","-14.8","11",,,,,,"29.9","96.4","2330","-15.2","12.4",,,,,,,,,,,,,,,,,,,,
"Gamboa, Alec",687941,2026,"L",60.6,"41.6","95.4","2156","3.5","17.1","33.5","88.5","2149","-3.5","1.7","1.5","85.5","1000","8","5.1","1.7","81.3","2076","-7.2","-9.3","21.7","94.4","1909","12.4","8.9",,,,,,,,,,,,,,,,,,,,
"Murphy, Chris",669684,2026,"L",38.7,"34.2","96.3","2395","7.7","16.1","29","89.3","2327","-4.1","5.4","3.6","85.9","1720","16.1","2.8","23.8","78","2580","-15.1","-12.2","2.8","93.7","2293","13.6","10.4",,,,,,,,,,,"4.9","80.3","2420","-17","3.6","1.8","82.8","2423","-8.4","-7.2"
"Megill, Trevor",656730,2026,"R",54.2,"64.6","97.9","2401","-4.1","19",,,,,,,,,,,"35.4","88","2706","1.8","-2.1",,,,,,,,,,,,,,,,,,,,,,,,,
"Castillo, Luis",622491,2026,"R",15.9,"42.4","95.2","2265","-12","12.4","24.6","85.6","2237","0.7","1.6","14.6","87.4","1968","-17.2","-0.5",,,,,,"18.3","95.4","2077","-18.1","3.8","0","92.3","2070","-6.8","11.2",,,,,,,,,,,,,,,
"Kirby, George",669923,2026,"R",33.8,"28.4","96.7","2264","-9.1","13.7",,,,,,"5.1","88.8","1615","-14.7","4.9","10.2","84.1","2372","8.9","-13.1","20.9","96.9","2309","-16.3","8.1","4.2","92.9","2300","-0.4","9","2.9","87.3","1081","-10.6","0.8","28.3","87.5","2380","10.9","-2.8",,,,,
"Avila, Luinder",679883,2026,"R",51.6,"26","96.1","2490","-0.8","14.5","21.6","88.1","2702","6.5","-1.1","10.4","89.5","2065","-14.9","6.3","14.8","83","2716","7.2","-4.7","27.3","96.4","2414","-11.4","10.9",,,,,,,,,,,,,,,,,,,,
"Kelly, Merrill",518876,2026,"R",23.5,"27.5","92.1","2366","-9.5","14.4","10.2","86.3","2318","1.8","3.8","27.7","88.5","2165","-14.9","0.1","11.4","82.5","2575","7.5","-8.6","9.4","92.4","2240","-16.5","6.5","13.8","91","2367","-4","12.5",,,,,,,,,,,,,,,
"Hughes, Gabriel",687312,2026,"R",43.8,"49.7","92.4","2211","1.2","10.4","8","86.5","2289","5.5","3.4","11.1","87.8","1487","-10.7","3.6","12.1","78.7","2507","8.4","-12.2","10.4","92.9","2055","-8.7","8.8",,,,,,,,,,,"8.7","85.5","2297","12.3","4.7",,,,,
"Mederos, Victor",682989,2026,"R",23.6,"23.5","97.3","2426","-10.7","12.8","0.3","86.1","2502","6.4","0.2",,,,,,,,,,,"13","96.3","2461","-17.9","5.6","46.4","91.9","2553","0.3","7.2","12.8","92.1","1569","-12.8","3","3.9","83.5","2609","12.6","3.6",,,,,
"Cleavinger, Garrett",664076,2026,"L",30.5,"15.4","96.6","2361","7.8","16.1","44","87.4","2682","-5.4","1.7",,,,,,,,,,,"28.2","95.2","2377","17.7","8.6",,,,,,,,,,,"12.4","80.4","2791","-18.2","0",,,,,
"Lee, Dylan",669276,2026,"L",47.4,"31.8","93.3","2378","7.6","19.9","52.1","83","2152","-1.6","3.4","16.1","85.5","1640","10.9","12.7",,,,,,,,,,,,,,,,,,,,,,,,,,,,,,
"Sulser, Cole",642121,2026,"R",42.5,"44.5","92.3","2380","-9.1","18.9",,,,,,"38.3","83.6","1696","-13.8","2.2",,,,,,,,,,,"13.3","87.5","2341","3.5","8.8",,,,,,"3.8","83.1","2596","11.4","8.5",,,,,
"Alvarado, Elvis",665660,2026,"R",22.1,"59.1","98.7","2434","-12.4","14.7","19.7","88.1","2084","-0.7","2.2",,,,,,,,,,,"14.7","97.8","2440","-17.2","9.2",,,,,,"6.5","87.8","1086","-7.6","2.5",,,,,,,,,,
"Lawrence, Justin",664875,2026,"R",2.7,"13.6","95.6","2502","-12","11.5",,,,,,,,,,,,,,,,"42.7","95.5","2421","-16.6","1.4",,,,,,,,,,,"43.7","82.1","2982","17.2","2",,,,,
"Macko, Adam",671936,2026,"L",43.9,"39.9","94.6","2286","6.8","15.9","40","85.2","2524","-3.6","3.6","14.6","84.5","1485","15.2","2.8","5.5","78.8","2855","-9.8","-14.6",,,,,,,,,,,,,,,,,,,,,,,,,
"Abreu, Bryan",650556,2026,"R",42.1,"44","95.7","2230","-6.1","16.7","44.5","86.5","2832","6.7","-5.4","0.1","89.9","1689","-13.9","5.8",,,,,,,,,,,"11.4","93","2442","0.1","11.3",,,,,,,,,,,,,,,
"Walker, Josh",677020,2026,"L",40.6,"25.1","93","2188","3.4","15.8","37.8","83.2","2053","-5.9","3.7","9.9","85.7","1815","13.8","8.6",,,,,,"27.1","92.7","2131","12.8","9.9",,,,,,,,,,,,,,,,,,,,
"Burke, Sean",680732,2026,"R",40,"37.1","94.8","2584","-4.3","18.6","16.7","86.5","2529","5.5","3.4","1.8","86","1843","-13.3","10.1","20.1","79.1","2454","5.4","-14","13.8","94.7","2405","-12.9","14.5","10.4","89.8","2643","3.7","9.2",,,,,,,,,,,,,,,
"Quantrill, Cal",615698,2026,"R",43.8,"24.3","93.8","2132","-9.5","15.9","3.6","85.9","2315","2.3","0.9",,,,,,"4.3","79.2","2407","4.2","-8.7","25.2","94","2091","-15.1","11.5","19.8","88.7","2271","2.9","6.8","22.7","84.6","1037","-9.5","1.7",,,,,,,,,,
"Blanco, Ronel",669854,2026,"R",47.6,"37","93.4","2302","-6.8","19.2","21.1","86.5","2129","2.9","6.5","26.7","85","1478","-13.1","6.9","15.3","79.9","2215","9.4","-2.1",,,,,,,,,,,,,,,,,,,,,,,,,
"Miller, Mason",695243,2026,"R",40.5,"48.3","101.4","2509","-6","16.4","49.7","88","2408","10","-4.1","1.9","96.6","2160","-14.9","3.4",,,,,,"0.1","100.9","2681","-3.6","18.1",,,,,,,,,,,,,,,,,,,,
"Davis, Tyler",699823,2026,"R",45.4,"62.1","96.3","2406","-7.9","18.4","31.6","87.5","2555","6","0.2",,,,,,,,,,,,,,,,,,,,,"6.4","86","1233","-13","3.7",,,,,,,,,,
"Chapman, Aroldis",547973,2026,"L",52.8,"37.1","96.9","2427","2.2","17.8","18.2","85.9","2323","-10.4","5.2",,,,,,,,,,,"32.5","98","2455","10.8","16.1",,,,,,"12.2","90.2","1215","5.7","3",,,,,,,,,,
"Suter, Brent",608718,2026,"L",47.6,"25.9","87.8","2194","-0.8","15.4","12.6","78.1","2238","-11.2","1.7","27.2","76.6","1543","10.1","9.7",,,,,,"34.3","89.1","2133","11.6","12.4",,,,,,,,,,,,,,,,,,,,
"Natera Jr., Samy",696519,2026,"L",49.4,"79.8","94.9","2317","5","19.5","19.3","85.4","2577","-7.2","7.7",,,,,,,,,,,,,,,,,,,,,"0.9","88.6","1581","10.1","10",,,,,,,,,,
"Early, Connelly",813349,2026,"L",30.4,"35","94","2336","10.5","16","7.9","87.1","2302","-0.3","6.1","18.2","83.7","1271","10.8","-2.4","10.8","80","2402","-9.8","-9.4","20.1","92.4","2164","17.7","7.8",,,,,,,,,,,"8","82.5","2409","-13.8","-1.9",,,,,
"Klein, Will",694361,2026,"R",42.8,"50.9","97.5","2212","-9.2","15.6","4.6","91.3","2384","1.9","5.5",,,,,,"16.1","85","2481","8.6","-13.3",,,,,,,,,,,,,,,,"28.3","88.6","2516","13","-3.5",,,,,
"Warren, Will",701542,2026,"R",30.1,"35.4","93.7","2543","-7.3","15.2","0.5","86.5","2604","5","1.6","13.8","87.3","1662","-14.8","0.5","5.6","81.3","2802","11.1","-11.4","24.7","93.3","2403","-16.4","5.9",,,,,,,,,,,"20.1","83.9","2997","17.5","-0.3",,,,,
"Fuentes, Didier",800311,2026,"R",23.7,"68.8","97.3","2105","-10.1","14.8","24.1","85.4","2466","5.8","0.9",,,,,,"0.3","78.7","2512","13.7","-6.6",,,,,,,,,,,"6.7","89","1929","-17.5","5",,,,,,,,,,
"Leahy, Kyle",681517,2026,"R",42.8,"26","94.3","2177","-4.5","14.5","16.3","89.4","2311","5","3.8","14.6","88.6","1454","-11.5","1.7","16.4","83","2311","8.6","-10.8","13.2","94.2","2188","-13.2","10.6",,,,,,,,,,,"13.6","84.8","2631","16.5","2.1",,,,,
"Morgan, David",688158,2026,"R",35.5,"32.2","97.7","2462","-5.4","15.1","17.8","88","2355","4","0",,,,,,"22.6","82.6","2570","8.8","-11.5","27.5","96.9","2157","-16.3","6.6",,,,,,,,,,,,,,,,,,,,
"Gómez, Yoendrys",672782,2026,"R",30.9,"46.1","95.9","2482","-7.1","16.1",,,,,,"5.7","91.9","1819","-17","3.5",,,,,,"9","94.3","2369","-16.6","11.5","15","91.8","2534","1.9","9.3",,,,,,"24.1","84.7","2760","12.8","5.5",,,,,
"Richards, Trevor",670950,2026,"R",52.7,"63.1","91.9","2263","-7.4","19.5","8.8","85","2157","3.9","4.2","27.6","79.9","2570","-11.7","-1.5",,,,,,"0.6","84.5","2189","-10.7","16.4",,,,,,,,,,,,,,,,,,,,
"Pérez, Eury",691587,2026,"R",30.8,"37","98.2","2681","-11.4","18.1","17.3","88.5","2434","1","5.2","8.6","90","1687","-14.5","10.2","6.3","80.7","2729","8.7","-7","17.7","97.6","2634","-15.7","13.7",,,,,,,,,,,"13.1","83.6","2522","7.8","11",,,,,
"Assad, Javier",665871,2026,"R",51.2,"18.9","93.5","2142","-5.3","16","3.7","85.3","2214","5.4","0.5","7.8","86","1368","-11.4","1.6","7.2","77.7","2498","13.1","-8.9","42.2","93.4","2028","-14.4","10.8","12.4","88.9","2153","5","6.6",,,,,,"7.8","81.9","2458","14.8","1.6",,,,,
"Holderman, Colin",670059,2026,"R",24,"4.7","97","2413","-9.9","12.6",,,,,,,,,,,"10.5","83.1","2749","13.3","-9.3","51","96.7","2259","-16.9","5.8","0.1","90.4","2438","1.9","7.1",,,,,,"33.7","84.7","2583","10.7","5.6",,,,,
"Cease, Dylan",656302,2026,"R",53.5,"37","96.8","2457","-3.2","18.5","30.1","88.7","2706","1.3","3.6","11.5","81.4","1739","-8.2","15.8","10.1","81.7","2664","2.4","-13.5","7.9","95.8","2394","-11.2","13.9",,,,,,,,,,,"3.5","83.4","2832","11.7","-8.9",,,,,
"Rea, Colin",607067,2026,"R",29.6,"42.1","93.8","2174","-8.6","13.4","10.9","86.2","2126","3.3","-0.5","18.5","87.8","1391","-12.3","-1.4","5.6","80.1","2194","10.4","-7.6","8.1","92.5","2126","-13.6","9","6","87.3","2190","4.2","6.3",,,,,,"8.8","82.9","2440","15.4","1.9",,,,,
"Yoho, Craig",684974,2026,"R",18.6,"16.2","94.3","2449","-16","10.9",,,,,,"53.5","78.9","2486","-15.8","-6.2",,,,,,"17","94.4","2392","-17.8","6.3","12.4","90.7","2548","0.4","9.8",,,,,,"0.8","77.9","2993","17.4","-8.7",,,,,
"Gordon, Tanner",685299,2026,"R",43.6,"43.1","92.7","2228","-9.4","15","20.8","86.8","2075","0.9","5.8","22.3","84.6","2093","-13","8.2","9.4","81.2","2249","1.4","-2.2","2.2","92.2","2072","-11.7","14.8","2.1","89.6","2033","-1","8.5",,,,,,,,,,,,,,,
"Rolison, Ryan",669020,2026,"L",47.8,"39.8","94.7","2273","2.6","14.4","12.5","86.8","2530","-4.5","-1.9","0.9","88.9","1678","6.8","5.9","16.4","79.5","2669","-9.8","-13.8","14.8","95","2204","12.5","8.9",,,,,,,,,,,"15.6","85.1","2602","-13.4","-0.5",,,,,
"Boyd, Matthew",571510,2026,"L",23.4,"44","92.8","2302","13.9","11.5","14.3","83.1","2537","-1.2","1.5","27.9","78.7","1776","15.9","3.6","12.4","73.1","2422","-11.4","-8.9","1.4","91.9","2316","16.9","8.8",,,,,,,,,,,,,,,,,,,,
"Anderson, Drew",623454,2026,"R",41.8,"40.6","95.3","2260","-6.5","15.4","4.8","88.1","2574","3.5","2.5","31.1","89.8","1516","-11.6","-2.7","22","80.1","2709","10.4","-15.9","1.6","94.7","2096","-12.5","7.8",,,,,,,,,,,,,,,,,,,,
"Chandler, Bubba",696149,2026,"R",43,"48.4","98.3","2396","-8.6","17.3","20.7","91.1","2394","1.4","4.2","14.3","91.4","1955","-16.5","6.3","4.5","86.8","2365","1.4","-2.2","8.1","97.7","2269","-14.3","12.2",,,,,,,,,,,"4","87.8","2487","8.5","1.1",,,,,
"Taillon, Jameson",592791,2026,"R",45.3,"27.4","91.8","2342","-5.5","18.4","1.1","83.1","2456","4.7","-1.3","15.7","84.5","1827","-15.7","6.8","11","79.1","2568","8.5","-9.8","9.6","91.9","2252","-13","14.4","18.8","86.3","2525","6.2","8.9",,,,,,"16.4","80.2","2748","15.5","-0.9",,,,,
"Arrighetti, Spencer",681293,2026,"R",19.4,"28.1","92.4","2330","-11.4","13.8","0.8","82.2","2672","7.7","4.4","8","84.2","1480","-13.6","4.4","34.2","76.5","2825","17.3","-6.7","10.5","92.1","2283","-17.1","9.1","6.7","87.8","2331","1.7","10.4",,,,,,"11.6","79.7","2763","16.1","2",,,,,
"Romano, Jordan",605447,2026,"R",51.8,"41.5","93.7","2308","-3","17.4","56.6","84","2152","2.9","-4.1",,,,,,,,,,,,,,,,,,,,,"1.4","86.6","1634","-11.7","13.1","0.5","82.7","2134","12.9","0",,,,,
"Soto, Gregory",642397,2026,"L",33.6,"16.1","97.1","2329","11.3","13.8","28.6","83.6","2579","-4.8","2.7",,,,,,,,,,,"39.5","96.4","2312","17","8.1",,,,,,"0.1","87.6","2038","17","8.7","15.7","82.7","2580","-12","0.8",,,,,
"Bratt, Mitch",683352,2026,"L",34.4,"46.6","91","2336","5.2","15.3","9","86.6","2421","-3.5","8.1","9.8","84.7","1675","14.2","5.8","3.6","76.8","2315","-8.9","-9.3","7.9","90.8","2224","14.1","10.9",,,,,,,,,,,,,,,,"23.3","79.6","2352","-14","-2"
"Vodnik, Victor",680767,2026,"R",43.8,"45.6","98.6","2267","-5.4","13.3","27.7","89","2320","2.4","-1.3","14.8","92.1","1867","-15","2.4",,,,,,"3.8","98.7","2168","-14.5","9.1","1.4","92.5","2308","2.6","1.9",,,,,,,,,,,"6.8","87.3","2588","5.3","-9.4"
"Drohan, Shane",675660,2026,"L",32.9,"26.7","94.9","2443","11.6","14.1","21.6","86.5","2863","-3.5","-0.1","5","86.2","1634","12.7","3.8","12.9","80.7","2888","-10.2","-8.6","21.9","94.9","2399","16.4","7.8","11.7","90.9","2685","0.7","11.2",,,,,,,,,,,,,,,
"Urquidy, José",664353,2026,"R",46.4,"21.3","92.3","2317","-10.4","18.3",,,,,,"28","83.2","2153","-17.9","8.7","15.5","77.2","2760","10.2","-12","20.9","92.9","2184","-15.4","12.5",,,,,,"1.3","80.8","1145","-5.2","2.8","13","80.1","2641","10.5","3.2",,,,,
"Junis, Jakob",596001,2026,"R",30.1,"19.3","92.3","2117","-4.4","12.8",,,,,,"20.2","86.8","1337","-13.4","2.2",,,,,,"17.9","91.9","2094","-14.8","6.5",,,,,,,,,,,"42.6","82.1","2452","16.4","-0.5",,,,,
"Varland, Gus",681402,2026,"R",51.3,"57.5","95.1","2307","-9.3","18.4","40.2","87.5","2206","1.4","1.5","2.2","91.4","1256","-12.7","3.7",,,,,,,,,,,,,,,,,,,,,,,,,,,,,,
"Ohtani, Shohei",660271,2026,"R",33.7,"45.1","98.1","2488","-5","14","1.1","88","2593","3.8","-0.8",,,,,,"10","75.2","2651","13.4","-14.8","5.2","96.5","2217","-14.2","6.4","0.7","92.4","2376","-0.7","10.9","8.5","89","1564","-12.7","2","29.4","85","2726","15","3.4",,,,,
"Doval, Camilo",666808,2026,"R",19.2,,,,,,"31.2","89","2691","5.6","-3.6","2.4","94.5","1807","-13.6","2.8",,,,,,"39.9","98.2","2530","-9.5","3.7","26.5","98.8","2561","-4.5","10.7",,,,,,,,,,,,,,,
"Sterner, Justin",686993,2026,"R",38.2,"39.5","93.5","2334","-8","17.5",,,,,,,,,,,,,,,,,,,,,"30.9","88.7","2630","2.8","6.5",,,,,,"29.6","81.4","2710","14.5","3.6",,,,,
"Canning, Griffin",656288,2026,"R",38.6,"24.4","94.6","2190","-9.3","15.4","23.7","88","2787","0.9","-3.4","25","90.3","1503","-15.7","0.8","8.6","82.1","2553","11.6","-4.3","9.8","93.8","2121","-16.4","8","5.5","90.2","2453","0.3","7.5",,,,,,"2.9","86.3","2830","9.6","-0.7",,,,,
"Hudson, Bryan",663542,2026,"L",11.8,"66.3","91.9","2195","10.1","12.1",,,,,,,,,,,,,,,,"4","89.9","2188","16.7","4.7","1.2","84","2120","0.7","4.5",,,,,,"28.5","80","2080","-14.6","-4.6",,,,,
"Keller, Brad",641745,2026,"R",49,"31.9","97","2401","-0.2","14.6","22.5","87.1","2695","6.4","-6.1","13.5","92.8","1747","-10.8","6.9",,,,,,"19.7","96.7","2272","-13.3","11.1",,,,,,,,,,,"12.4","85.7","2742","15.7","1.4",,,,,
"Hall, DL",669084,2026,"L",43.1,"12.1","95.1","2184","7.5","14.7","11","87.8","2520","-6.6","-0.7","15.4","85.2","2143","15.5","7.8","16.6","82.1","2753","-9.8","-12.1","36.3","95.5","2170","16","10.1","0.5","91.9","2374","-2.4","7.6",,,,,,"7.9","84.8","2680","-16.7","0.3",,,,,
"Thornton, Zac",804267,2026,"L",50.3,"25.5","92.3","2282","6.3","17.7","8","84.7","2398","-4.9","1.8","4.6","84.4","1840","15.5","10.1","3.3","76","2471","-5.9","-10.5","11.1","92.2","2294","15.4","12.2","31.7","88.5","2412","-3.4","8.9",,,,,,"15.8","80","2474","-12.8","1.1",,,,,
"Quintana, Jose",500779,2026,"L",42.1,"28.3","89.7","2135","3.7","14.5",,,,,,"20.2","85","1354","13.3","4.7","15.4","78.9","2207","-4.2","-5","20.2","89.7","2128","12.8","11.5",,,,,,,,,,,,,,,,"15.8","80","2266","-6.3","0.5"
"Walker, Ryan",676254,2026,"R",16.6,"4.1","94.3","2256","-9.5","7.5","30.7","83.2","2499","16.6","3",,,,,,,,,,,"65.2","95.1","2330","-16.4","3.1",,,,,,,,,,,,,,,,,,,,
"Alcantara, Sandy",645261,2026,"R",33.2,"18","97.5","2245","-12.6","13.4","7","85","2328","4.6","3.2","20.7","90.8","2077","-16.7","2.2","4.3","82.8","2400","4.3","-2.8","26.3","97.3","2289","-17.1","8","15","90","2200","1.3","5.9",,,,,,"8.8","84.1","2353","12.2","1",,,,,
"Scholtens, Jesse",669947,2026,"R",40.4,"21.2","93.1","2223","-5","17.6","30.5","88.3","2370","4.1","7.5",,,,,,,,,,,"23.2","92.1","2171","-14.9","12.4",,,,,,"14.9","84","1017","-10.5","0.3","10.2","80.4","2521","14.9","1.1",,,,,
"Tolle, Payton",801139,2026,"L",27.6,"44.6","96.1","2269","9.7","15.6",,,,,,"2.8","88.6","1005","10.8","1.3","9.3","82.9","2435","-6.9","-4.6","24.1","94.8","2265","16.9","9.8","19.2","88.6","2365","-2.4","7.2",,,,,,,,,,,,,,,
"Fedde, Erick",607200,2026,"R",34.9,"2","94.1","2096","-4.8","10.7",,,,,,"11.3","88.8","1847","-10.5","3.4",,,,,,"30.9","94","2064","-8.7","8.5","17.4","91.2","2152","2.5","6.7",,,,,,"38.3","82.2","2527","15.5","0.7",,,,,
"Senga, Kodai",673540,2026,"R",47.1,"42.6","96.3","2374","-6.9","16.2","5.9","86.7","2543","0.4","2",,,,,,"0.2","65.5","2296","1.3","-12.1","3.2","90.2","2231","-15.6","7","13.2","90","2428","-1","7.3",,,,,,"8.1","81.6","2583","9.9","-4.8",,,,,
"Blubaugh, AJ",805123,2026,"R",44.1,"51.4","95.8","2267","-10.7","17.1",,,,,,"20.9","85.9","2355","-16.1","3.5","0.9","80.5","2372","9.1","-12.9",,,,,,"4","89.1","2362","2.9","8.6",,,,,,"22.9","84.7","2620","12","3.6",,,,,
"Garcia, Brandyn",805299,2026,"L",17.2,,,,,,,,,,,,,,,,,,,,,"49.1","97.2","2267","16.2","2.4","20.7","94.2","2277","0.9","7.7",,,,,,"30.2","87.7","2590","-11.8","4.2",,,,,
"Weathers, Ryan",677960,2026,"L",32.8,"22.2","95.8","2383","10.9","15.4","11.7","86.9","2651","-3.8","1.1","25.3","85.7","1950","12.4","0.7",,,,,,"20.8","94.1","2283","17.7","8.3",,,,,,,,,,,"20.1","81.2","2625","-13.4","0.5",,,,,
"Lovelady, Richard",663992,2026,"L",20,"21.9","91.3","2384","4.3","12.2","5","86.7","2481","-3.5","3.8",,,,,,,,,,,"29.5","91.1","2236","13.6","4.5",,,,,,,,,,,"43.6","81.8","2484","-13.6","0.2",,,,,
"Burke, Brock",656271,2026,"L",43.3,"41","96.2","2314","8.5","15.3","27.9","86.4","2272","0.1","4.4","17.6","87.5","2102","14.7","6.8",,,,,,"13.5","93.5","2151","14.2","11.2",,,,,,,,,,,,,,,,,,,,
"Lauer, Eric",641778,2026,"L",37.4,"42.1","91.1","2188","8.7","15.3","8.2","82.8","2373","-5.6","3.1","14.8","84.6","1393","12.6","7","12.3","75.9","2432","-8.7","-9",,,,,,"22.7","87.6","2396","-1.4","8.5",,,,,,,,,,,,,,,
"Sandlin, David",689818,2026,"R",42.8,"31.3","96.5","2301","-5.5","15.7",,,,,,"6.3","90.9","1326","-10.6","7.2","22.1","83.1","2574","4.6","-8.2","9.1","95.3","2142","-13.5","11.8","18.2","91.2","2362","3.4","6.9",,,,,,"13","86.4","2641","8.5","0.6",,,,,
"Buehler, Walker",621111,2026,"R",45.3,"20.2","94","2176","-4.8","15.8","10.6","87.1","2455","8.2","2.7","9.5","89.3","1227","-12.5","3.3","8.4","78.3","2469","10.6","-13.6","19.9","94.2","2094","-13.8","12.6","24.4","90.4","2370","4.8","9.9",,,,,,"7.1","82.5","2657","13.6","4.1",,,,,
"Romero, JoJo",668941,2026,"L",28.9,"1.6","94.4","2324","9.4","12.2",,,,,,"16.7","87.3","1311","12.4","-1.2",,,,,,"45.3","93.7","2209","15.6","0.8",,,,,,,,,,,"36.3","82.9","2854","-16.4","-0.5",,,,,
"Cantillo, Joey",676282,2026,"L",50.3,"32.8","92.2","1876","6.7","16.4","4","82.8","2325","-3.9","-6","24.4","81.1","1447","9.4","12.7","30.7","80","2657","-9.7","-17",,,,,,"8.2","87.1","2006","-2.5","6.7",,,,,,,,,,,,,,,
"Johnson, Ryan",696270,2026,"R",20,"0.1","94.8","2241","-4.6","15.5","0.2","84.4","2619","7.4","0.9",,,,,,,,,,,"16.8","92.4","2238","-14.1","6.1","38.7","89.7","2493","2","9.3","20.6","84.6","1879","-13.7","1.6","23.5","80.9","2428","7.8","6.8",,,,,
"Seymour, Ian",693855,2026,"L",41.1,"27.5","91.4","2162","6.8","16.8","6.5","83.2","2115","-3.4","12.3","28.8","83.4","1615","15.4","7.9","0.7","72.7","1942","-9.7","-12.3","16.4","89.9","1958","15.1","10.2","0.5","87.1","2107","-1.6","9.3",,,,,,"19.6","81.6","2176","-12","9.6",,,,,
"Williams, Devin",642207,2026,"R",18.3,"52.7","93.9","2335","-12.8","15",,,,,,"46","83.8","2612","-20.7","-2",,,,,,,,,,,"1.3","88.4","2377","1.7","11.1",,,,,,,,,,,,,,,
"Eisert, Brandon",685126,2026,"L",34.5,"39.7","90","2113","7","15.3","34.9","83.9","2221","-5.5","1.7","18.8","84.8","1331","12.2","4.1",,,,,,"6.6","89.1","2015","15.1","9.5",,,,,,,,,,,,,,,,,,,,
"Gallen, Zac",668678,2026,"R",43.6,"35.2","93.4","2310","-3.2","16.5","23","88.9","2352","4.5","4.6","17.1","86.6","1541","-12.6","4.3","19.1","81.6","2431","4","-9.9","5.6","92.7","2177","-11","13.3",,,,,,,,,,,,,,,,,,,,
"Hill, Tim",657612,2026,"L",-22.1,"6","89.2","2078","16.9","2.3","11","75.9","2285","-6.5","10.1",,,,,,,,,,,"83","88.3","2060","15.6","-6.4",,,,,,,,,,,,,,,,,,,,
"Jump, Gage",695611,2026,"L",43.5,"46.2","96.3","2364","8.2","16.5","22.7","87.2","2338","-5.1","1.8","9.3","87.6","1404","12.3","7.3","10.6","82.3","2621","-7.8","-11.8","5.3","95","2277","13.3","13.1",,,,,,,,,,,"5.8","83.8","2530","-13.9","3",,,,,
"Messick, Parker",800048,2026,"L",41.6,"41.8","94.4","2182","5.4","16.5","6.5","87","2380","-5.5","4.1","23.6","85.9","1860","14.8","1.6","8.4","79.3","2289","-14","-5.9","15","92.8","2067","13.1","10.1","4.7","90.6","2154","-2.4","9.8",,,,,,,,,,,,,,,
"Weissert, Greg",669711,2026,"R",12.8,"29.5","94.1","2284","-9.8","11.3","8.1","85.5","2534","4.8","3","13.1","85.2","1623","-15.2","-4.4","2.3","81.8","2644","14.4","-6.2","34.5","94","2131","-17.7","2.4",,,,,,,,,,,"12.5","82","2891","18.3","5.9",,,,,
"Antone, Tejay",622088,2026,"R",26.7,"5.1","95","2574","-7.6","13.1","0.9","88.7","2747","6.3","3.3",,,,,,"11.9","81.6","2874","12.9","-11.3","12","93.8","2601","-13","2.6","17.1","90.1","2774","1.4","7.1",,,,,,"53","83.8","2865","14.8","3.1",,,,,
"Paredes, Mike",702474,2026,"R",37.2,"37","93","2125","-4.7","14.7",,,,,,"25.6","87.7","1452","-10.6","1",,,,,,,,,,,"15.4","87.4","2390","5","6.5",,,,,,"22","79.2","2518","17","1.9",,,,,
"Cavalli, Cade",676917,2026,"R",36,"32.5","96.8","2299","-6.2","14.6",,,,,,"7.6","89.1","1957","-17.5","4.5","26.7","86.2","2249","7","-10.8","12.5","96.1","2148","-14.7","7.4","6.3","93.5","2291","1.2","8.1",,,,,,"14.3","86.3","2302","14.5","-7.6",,,,,
"Headrick, Brent",687396,2026,"L",40.4,"48.6","94.1","2310","8.1","17.5","30","84.3","2031","-2.8","4.7",,,,,,,,,,,"8.7","93.4","2352","14.7","14",,,,,,"12.6","84.7","1002","9.6","3.8",,,,,,,,,,
"King, Michael",650633,2026,"R",25.6,"20.3","94.3","2354","-7.6","14.9","6.6","85.5","2542","3.6","1.8","26.4","86.5","1867","-16.7","4.6",,,,,,"27.9","93.2","2257","-16.8","5.2",,,,,,,,,,,"18.8","82","2828","13.2","3",,,,,
"Aldegheri, Sam",691951,2026,"L",41.4,"47.2","92.1","2198","5.5","16","4.6","81.6","2148","-2","-3.8","31","80.2","1882","13.5","9.3","7.5","74.8","2005","-11.9","-8.4",,,,,,"9.7","86.6","2203","-1.2","5.8",,,,,,,,,,,,,,,
"Yarbrough, Ryan",642232,2026,"L",16.7,"15.6","87.3","1923","13.4","12.2",,,,,,"22.7","77.7","1946","17.8","0.7",,,,,,"13.1","86.8","1871","16.5","6","28.7","84.9","2056","3","9.4",,,,,,"19.8","71.7","2235","-14.7","7.2",,,,,
"Soriano, George",666277,2026,"R",34.3,"29.7","96.6","2131","-8.6","12.4","23","88.6","2566","-0.2","2.5","31.2","90","1545","-12","-1.7",,,,,,"6.9","96.4","2204","-15","7.5",,,,,,,,,,,"9.2","85.9","2836","6.4","-1.3",,,,,
"Madden, Ty",680744,2026,"R",42.6,"32.7","93.5","2307","-4.7","15.7","20.8","83.8","2634","0.9","-4.1",,,,,,"0.8","78.8","2505","2.8","-11.6","10.9","92.4","2256","-13.5","11","21.1","87.6","2555","1.8","3.9","13.8","85.4","1462","-10.8","2.2",,,,,,,,,,
"Pfaadt, Brandon",694297,2026,"R",27.5,"27.1","93.2","2505","-6.2","14.8",,,,,,"15.9","87","2096","-16","3.5","14.6","82.4","2506","9.5","-11","16.5","93.1","2348","-16","6.9","11.6","90.4","2637","-0.3","8.6",,,,,,"14.3","84.2","2775","10.9","5",,,,,
"Dion, Will",702021,2026,"L",66.6,"42.4","91.1","2338","0.4","20",,,,,,"25.8","78","1533","9.3","11.7","19.8","81","2461","2.2","-9.2","3.7","89.8","2361","10.2","16.5","8.3","86.9","2398","-4.3","8.4",,,,,,,,,,,,,,,
"Minter, A.J.",621345,2026,"L",41.6,"27.6","93.5","2447","3.6","14.8",,,,,,"12.9","86.5","1582","14.7","6.4",,,,,,"4.4","93.4","2465","13.6","9.5","55.1","89","2550","-3.8","4.6",,,,,,,,,,,,,,,
"Singer, Brady",663903,2026,"R",22.9,"1.9","90.7","2420","-6.9","14.3","27.5","82.6","2414","4.8","-1.2",,,,,,,,,,,"50.6","91.1","2354","-15","9.1","6.9","87.2","2371","1.3","7.5",,,,,,"13.1","82.1","2433","7.2","3.2",,,,,
"Bernardino, Brennan",657514,2026,"L",12.3,"4.8","90.6","2144","8.8","9.4",,,,,,"7.4","80.4","1462","12.3","0.2","34.4","77.8","2680","-13.1","-0.2","41.7","90.3","2197","13.8","3.5","10.9","85.7","2344","-0.6","5",,,,,,"0.9","79.2","2429","-7.6","9.8",,,,,
"Legumina, Casey",668984,2026,"R",15.1,"43.1","93","2358","-14.6","13.4","11.7","84.9","2585","3.3","4.6","11.7","86.6","1522","-15.4","0.1",,,,,,"22","92.8","2294","-18.2","8.9",,,,,,,,,,,"11.4","79.9","2682","11.3","7",,,,,
"Mlodzinski, Carmen",669387,2026,"R",30.7,"25.8","95","2107","-10","12","3.5","90.2","2359","1.3","7.2",,,,,,"11.8","83.8","2612","7.7","-8.9","18.4","94.4","2061","-17","6.1","5","92.1","2391","-2.5","11","25.1","85.8","1691","-9.4","-0.9","10.3","83.5","2560","12","-2.3",,,,,
"Javier, Cristian",664299,2026,"R",35,"46.4","93.2","2190","-4.9","17.7","0.5","84.7","2499","6.8","4","16.1","85.5","2301","-14.6","8.5","1.4","77.6","2979","11.4","-11.3","1.1","93.1","2293","-12","16","7.8","89","2304","3","10.5",,,,,,"26.8","81.3","2526","12.6","4.6",,,,,
"Mattson, Isaac",676755,2026,"R",46.3,"70.5","94.2","2353","-9.3","18.1","8.9","84.9","2195","2.4","3","10.2","86","1250","-9.2","5.5",,,,,,,,,,,,,,,,,,,,,"10.4","82.9","2306","8.8","-0.4",,,,,
"Mejia, Juan",675848,2026,"R",35.2,"53.8","96.9","2462","-4.8","10.5","1.9","87.9","2860","5.1","1.8","2.1","93.2","2062","-13","6.7",,,,,,"4.6","96","2490","-10.9","6.9",,,,,,,,,,,"37.6","83.9","2870","14","-1.8",,,,,
"Okert, Steven",595345,2026,"L",33.9,"27.5","91.2","2241","7","15.9","66.9","80.9","2419","-7.7","7.2","0.2","85.9","2086","9.9","14.6",,,,,,"5.4","90.4","2245","14.8","9.8",,,,,,,,,,,,,,,,,,,,
"Burrows, Mike",681347,2026,"R",39.6,"28.5","95","2277","-8.7","16.5","16.5","89.5","2527","3.7","7.2","27.1","86.7","1483","-15","5.8","14.4","79","2910","10.8","-13.3","13.5","94.5","2166","-14.6","12.8",,,,,,,,,,,,,,,,,,,,
"Medina, Luis",665622,2026,"R",39.5,"29","97.7","2404","-7.4","15.6","16.8","86.6","2551","9.3","1.3","14.9","90.3","1653","-10.7","1.6","13.1","81.2","2599","9.1","-12.3","26.2","97.3","2411","-15.2","11.1",,,,,,,,,,,,,,,,,,,,
"Bassitt, Chris",605135,2026,"R",30.2,"8","92.5","2153","-7.2","11.7","2.9","81.1","2452","8","-3.3","4.8","85.4","1828","-16.8","2","21.6","71.3","2329","16.2","-12.8","36.7","92.3","2117","-16.7","5.8","20","90","2155","-2","10",,,,,,"6","73.5","2390","18.9","-0.8",,,,,
"Gaddis, Hunter",683769,2026,"R",35.3,"29.5","95.1","2257","-6.7","16.8","49.8","89.5","2283","6.1","4.6","19.9","79.7","2237","-18.8","8.8",,,,,,,,,,,,,,,,"0.7","80.1","790","-8","5",,,,,,,,,,
"Wacha, Michael",608379,2026,"R",53,"27.7","93.2","2152","-5.6","18","8.7","85","2016","3.1","3.6","25.2","80.6","1531","-13.2","7.1","9.9","75.9","2261","11.7","-12","13.6","93.2","2066","-11.9","15.5","14.8","89.5","2154","1.6","10.2",,,,,,,,,,,,,,,
"Lowder, Rhett",695076,2026,"R",28.5,"20.1","93.7","2269","-10.4","13.4","26.6","85.2","2792","2.4","-1.2","20.1","86.5","1936","-17.4","0.4","2.9","80.8","3086","11.4","-12.5","30.2","93.2","2265","-17","6.7",,,,,,,,,,,"0.1","83.2","2835","10.2","-0.4",,,,,
"Severino, Luis",622663,2026,"R",39.1,"21.1","96.9","2251","-7.7","16.2","3.2","87","2599","8.4","1.7","5.4","86.6","1532","-13.8","9",,,,,,"23.8","96.3","2125","-14.4","12","20.8","94.3","2299","1","10.7",,,,,,"25.6","84.9","2598","17","3.8",,,,,
"Snell, Blake",605483,2026,"L",57.4,"49.5","96","2490","5.5","18.7","10.8","88.8","2368","-3.7","7.2","17.8","84.8","1820","13.1","8.4","21.9","79.9","2453","-13.7","-8.7",,,,,,,,,,,,,,,,,,,,,,,,,
"Wheeler, Zack",554430,2026,"R",22.2,"35.7","95.2","2431","-11.3","14.1",,,,,,,,,,,"8.6","80","2827","13","-11.1","15.5","94.8","2291","-17.5","7","10.5","90.9","2530","0.4","8.5","16.3","87.4","1566","-14.8","2","13.4","81.3","2762","16.9","-0.8",,,,,
"O'Brien, Riley",676617,2026,"R",30.7,,,,,,"7.7","90.6","2445","2.2","3.7","1.1","91","1903","-15.8","4",,,,,,"58.3","97.7","2197","-16.1","4.7",,,,,,,,,,,"32.8","82.9","2318","14.6","-4.4",,,,,
"Gray, Peyton",682608,2026,"R",38.6,"41.7","93.1","2324","-11.5","16.6","18.5","86.6","2552","3.6","6.1","39.7","83.4","1794","-16.6","4.5",,,,,,,,,,,,,,,,,,,,,,,,,,,,,,
"Vesia, Alex",681911,2026,"L",69.5,"55.8","92.1","2512","4.3","21.2","30.2","84.4","2378","-5.8","3.3","14","82.8","1885","10.2","15.5",,,,,,,,,,,,,,,,,,,,,,,,,,,,,,
"King, Bryan",687911,2026,"L",34.5,"55.1","92","2106","3.2","13.3",,,,,,"0.8","86.5","1598","11.1","6.9","0.2","78.2","2364","-12.3","-9.1","17.2","91.6","1988","12.3","6",,,,,,,,,,,"26.6","81.4","2244","-13.6","2.9",,,,,
"Webb, Logan",657277,2026,"R",20.8,"13.5","92.3","2081","-7.6","9.9",,,,,,"24","85.8","1474","-9.9","-5.3",,,,,,"29.4","92.1","1949","-15.5","0.1","13.1","89.8","2311","-1","6.9",,,,,,"20.1","84.2","2602","14.1","1.1",,,,,
"Schultz, Noah",702273,2026,"L",21.1,"21.7","95.3","2469","10.9","11.4",,,,,,"9.6","89.2","1984","16.8","3.2","3.2","82.3","2730","-10.1","-4.7","26.1","95.2","2449","17.9","6.6","22.1","89.9","2631","-2.1","9",,,,,,"17.3","82.6","2819","-14.9","0.8",,,,,
"Valdez, Framber",664285,2026,"L",42.8,"3.8","94.7","2195","6.3","13.2","4.6","85.7","2423","-2.6","0.2","17.9","89.1","1645","13.6","2.7","29.8","78.3","2847","-12.7","-14.4","43.9","93.8","2170","15.1","5.9","0","93.2","2285","12.5","6",,,,,,,,,,,,,,,
"Dreyer, Jack",676263,2026,"L",58.6,"47.6","94","2460","6.2","19.5","36","88.7","2397","-2.9","3.5",,,,,,"16.4","80.8","2546","-6.6","-16.7",,,,,,,,,,,,,,,,,,,,,,,,,
"Soroka, Michael",647336,2026,"R",26.5,"32.5","93.6","2530","-8.1","13.9",,,,,,"12.4","85.9","2224","-16.6","3.3",,,,,,"10.3","93.3","2357","-16.4","5.5","11.8","89","2612","1.4","7.5",,,,,,"0.7","83.2","2884","15","2.9","32.4","80.6","2921","12","-8.2"
"Suarez, Robert",663158,2026,"R",42.9,"48","98.7","2412","-5.8","17.2",,,,,,"31.6","90.7","1863","-15.8","7.5",,,,,,"6.2","97.9","2385","-12.6","15.2","14.2","96.1","2366","0.5","12.6",,,,,,,,,,,,,,,
"Smith, Dylan",681916,2026,"R",51.4,"57.2","95.6","2453","-4","18.2",,,,,,,,,,,"6.3","80.8","2504","10.6","-11.7","8.3","95.3","2232","-12.4","14.3",,,,,,"6","86.1","888","-7.6","4.3","22.3","86","2481","8.5","5.5",,,,,
"Anderson, Grant",681982,2026,"R",6.6,"35.4","93.5","2413","-11.3","12.5",,,,,,"3.4","86.3","1622","-13.8","-2.9",,,,,,"23.9","93.1","2278","-17.4","1.8",,,,,,,,,,,"37.3","81.2","2618","11.9","3.6",,,,,
"Adam, Jason",592094,2026,"R",35,"23","93.5","2511","-9.6","17.2","37.7","84.6","2521","-0.3","0.8","32.6","88.1","2052","-16","3.2",,,,,,,,,,,,,,,,,,,,,"6.7","78.2","2658","14.1","-2.2",,,,,
"Phillips, Tyler",663969,2026,"R",32.9,"8.4","96","2190","-8.8","14.2","1.6","86.8","2249","0.5","2",,,,,,"17.4","83.5","2558","4.8","-11.4","25.6","95.5","2051","-17.1","8",,,,,,"23.3","86.9","1212","-11.5","1.9","23.7","84.1","2491","11.4","1.2",,,,,
"Montgomery, Mason",682254,2026,"L",55.3,"46.4","98.5","2225","4.4","17.9","13.9","89.7","2647","-1.6","1.5","2","89.8","1663","8.8","10.3","13.3","86.5","2690","-2.2","-6.7","24.5","98.7","2219","11.5","14.6",,,,,,,,,,,,,,,,,,,,
"Schweitzer, Tyler",805326,2026,"L",44.9,"38.3","94","2400","3.4","15.3","37.3","88.2","2404","-3.9","4.3","9.4","88.4","2221","13.8","4.3","6.7","81.8","2650","-6.7","-5.4","4.2","92.4","2458","12.4","9.8",,,,,,,,,,,"4.1","83.1","2670","-14.4","-1.2",,,,,
"Imanaga, Shota",684007,2026,"L",38.2,"40.1","91.6","2496","11.2","17.7","1.9","86.4","2477","-3.2","7.2",,,,,,"2.9","74.4","2512","-8.8","-13.2","5.9","90.2","2460","16.3","9.8",,,,,,"34.5","82.8","1124","11.6","5.7","14.6","81","2549","-14","-0.3",,,,,
"Kolek, Stephen",663568,2026,"R",34.3,"28.3","94.2","2242","-6.4","13.2","16.4","85.6","2508","3.2","-0.4","11.9","87.1","1489","-12.1","2.6",,,,,,"21.7","93.7","2212","-14.8","5","12.3","90.3","2418","1.9","6.4",,,,,,"9.3","79.9","2571","14.7","-5.4",,,,,
"Ashcraft, Graham",668933,2026,"R",54.9,,,,,,"45.6","90.5","2896","8","-0.7",,,,,,,,,,,,,,,,"54.4","97.7","2552","0.9","11.9",,,,,,,,,,,,,,,
"Leiter Jr., Mark",643410,2026,"R",46.4,"11.6","92.2","1968","-7.4","16.3","0.9","82.5","2238","2.1","-1.7",,,,,,"19.2","73.9","2316","10.1","-16.3","26.1","92.1","2016","-14.7","11.5","9.3","89.6","2121","1.2","8.9","32.8","84.3","741","-5.2","2.9",,,,,,,,,,
"Gasser, Robert",688107,2026,"L",23.8,"23.2","92.9","2233","7.6","14.4","0.6","83.9","2538","-5.8","1.1","10.3","88.3","1973","16.9","0.5",,,,,,"22.6","92.7","2106","15.4","6.8","18.1","88.5","2418","-2.2","6.5",,,,,,"25.3","80.4","2464","-14.7","4.4",,,,,
"Soriano, José",667755,2026,"R",34.7,"20.9","97.1","2177","-9.6","13.5","4.8","90.2","2352","1.2","3",,,,,,"25.6","85.3","2351","12.5","-6.6","29.9","96.3","1930","-15.2","3.8",,,,,,"18.8","92.3","1619","-13.8","0.9",,,,,,,,,,
"Sousa, Bennett",656986,2026,"L",57.9,"24.4","94","2171","3.3","17.6","67.5","85.5","2310","-4.4","0.3",,,,,,,,,,,"8.1","93","2190","11.8","13.3",,,,,,,,,,,,,,,,,,,,
"Jobe, Jackson",695549,2026,"R",38,"31.3","97.6","2427","-7.3","16.3","24.6","89.3","2760","6.4","0.3","10.2","86.2","1822","-15.6","7","12.5","84.9","2739","6","-10.3","18.5","95.8","2413","-14.9","7.3","2.9","93.1","2597","2.7","8.4",,,,,,,,,,,,,,,
"Rucker, Michael",621074,2026,"R",35.3,"33","96.2","2337","-5.5","15.9","1.2","86.1","2713","5.5","-4.7","0.7","91.6","1861","-12.6","3.8","31.2","82.3","2787","15.7","-10.4","12.3","95.8","2275","-16.1","7.7","21.7","89.6","2562","3.9","1.7",,,,,,,,,,,,,,,
"Ureña, Walbert",700712,2026,"R",42.1,"18.5","97.9","2259","-9.4","12.6",,,,,,"34.3","91","1764","-16.8","5.1",,,,,,"33.1","98.1","2182","-15.5","6.8",,,,,,,,,,,"14.1","87.2","2465","7.3","-1.1",,,,,
"Hentges, Sam",656529,2026,"L",37.1,"33.6","94.5","2217","6.6","15.2","22.6","87.9","2194","-3","4.3",,,,,,"17","80.5","2320","-5.7","-10.9","26.8","94.1","2115","12.6","12.5",,,,,,,,,,,,,,,,,,,,
"Wesneski, Hayden",669713,2026,"R",46.6,"24.3","93.5","2208","-5.6","13.7",,,,,,"11.9","86.2","1631","-14.3","4.9","0.2","72.7","2578","11.7","-13","18.9","92.5","1970","-14.6","8.6","15.1","89.5","2430","3.7","6.7",,,,,,"29.5","81.5","2774","19.5","-2.9",,,,,
"Crochet, Garrett",676979,2026,"L",31.9,"33.6","95.8","2384","8.2","16.4",,,,,,"4.2","88.2","1819","12.9","5.9",,,,,,"22.4","95.2","2360","16.4","8.3","24.7","90.9","2616","-2.9","6.8","0.8","84.9","937","8.7","1.1","14.3","83.4","2420","-13.8","-1.2",,,,,
"Gray, Sonny",543243,2026,"R",47.1,"17.3","91.5","2480","0.7","11.3",,,,,,"5.7","86.2","1747","-14","3.7","16","79.6","2605","12.8","-14.5","21.7","92","2362","-11.8","7.2","18.8","88.3","2631","4.1","3.7",,,,,,"20.5","84.8","2683","13.7","-4.5",,,,,
"Rodón, Carlos",607074,2026,"L",45.6,"46","94.3","2375","8.4","18.3","25.5","86.1","2644","-5.6","-1.3","14.5","85.2","1634","11.7","5.4","1.7","79","2773","-7.3","-13.8","12.4","93.4","2262","14.3","8.4",,,,,,,,,,,,,,,,,,,,
"Fisher, Braydon",680755,2026,"R",48.5,"19.6","94.3","2206","-4.7","17.5","48.2","88","2292","0.7","4.5",,,,,,"29.6","81.3","2488","3.3","-12.4","0.2","93.4","1993","-12.9","14","2.4","92.6","2161","-0.8","11.4",,,,,,,,,,,,,,,
"Morillo, Juan",666661,2026,"R",47,"47.6","98.6","2252","-4.6","16.3","11.8","84.8","2746","9","-7.3","21","92.5","2272","-15.6","7.6",,,,,,"19.6","98.6","2191","-13.6","12.6",,,,,,,,,,,,,,,,,,,,
"Yates, Kirby",489446,2026,"R",18.3,"65.7","90.8","2318","-14.4","13.3",,,,,,,,,,,,,,,,,,,,,,,,,,"32.5","84.4","1244","-11.4","-1.3","1.8","74.8","2414","12.8","-2",,,,,
"Ribalta, Orlando",687377,2026,"R",41.9,"28","96.9","2598","-8.6","17.4","38.9","86.7","2089","2.8","3.6","16.4","86.5","2029","-10.2","13.9",,,,,,"16.7","96.9","2449","-14","13.3",,,,,,,,,,,,,,,,,,,,
"Hart, Kyle",606996,2026,"L",38.4,"8.7","94.1","2270","8.3","14.9","14","89.2","2427","-2.9","6",,,,,,,,,,,"31.9","93.7","2141","16.1","8.2",,,,,,"20","85.5","1117","8.2","-2.2","25.4","83.2","2753","-16.3","1.3",,,,,
"Garcia, Rico",670329,2026,"R",47.4,"33.1","95.4","2517","-11.9","17.7","15.3","89","2424","1","6.6","27.4","86.7","2368","-15.6","13.6","24.2","87.1","2460","-0.5","-4.6",,,,,,,,,,,,,,,,,,,,,,,,,
"Morris, Andrew",702193,2026,"R",59.4,"45","97.4","2056","-4.5","16.8",,,,,,"10.7","89.2","1495","-12.9","8.6","1.3","73.7","2255","9","-11.6","11.7","96.6","2036","-11.9","15.1","22.2","91.4","2303","6.2","6.1",,,,,,"9","82.1","2441","16","3.1",,,,,
"Liberatore, Matthew",669461,2026,"L",46.4,"30.1","94.3","2107","6.2","16.5","26.4","86","2665","-4.2","0.1","12.5","88.5","1784","14.4","9.5","18.1","79.5","3049","-9.8","-17.2","8.1","94.2","2133","13","13.9","3.8","90.4","2467","-1.4","10.9","0.3","87","873","7.3","6.9","0.6","85","2689","-11.2","1.9",,,,,
"Hill, Jaden",677955,2026,"R",24.2,"31.9","96.9","2423","-9.2","13.3","26.6","88.3","2460","2.7","0.2","21","85.5","1600","-13.4","1.1",,,,,,"20.5","97.4","2327","-15.3","8",,,,,,,,,,,,,,,,,,,,
"Anderson, Kade",807739,2026,"L",53,"40.5","93.5","2030","6.7","16.1","24.6","87.9","2337","-4.5","-0.5","17.7","84.4","1509","12.2","8.1","15.3","81.9","2543","-7.5","-9.6","1.8","93","1937","12.4","11",,,,,,,,,,,,,,,,,,,,
"Varland, Louis",686973,2026,"R",39.3,"41.2","98.8","2273","-7.6","16.3","8.1","92.1","2497","4.7","5.2","18","93.1","1702","-12","1.5","30.3","87.7","2553","6","-7.4","2.3","97.1","2139","-16.8","10.9",,,,,,,,,,,,,,,,,,,,
"Bowlan, Jonathan",680742,2026,"R",41.5,"48.1","97.1","2411","-7.9","18","18.5","86.8","2488","2.4","-1.5","13.3","90.5","1583","-12","5.5","0.8","82.4","2518","5.9","-10.7","11.3","97.1","2299","-15.2","12.5",,,,,,,,,,,"8","84.7","2592","15.1","-1.5",,,,,
"Peralta, Wandy",593974,2026,"L",41.9,"9.3","96.4","2133","9.9","14.5","14.8","89.3","2164","-0.4","6","34.2","89.5","2169","16.1","3.8",,,,,,"41.7","96","2062","15.4","9.2",,,,,,,,,,,,,,,,,,,,
"Pallante, Andre",669467,2026,"R",56.1,"34.1","95.2","2218","-0.9","11.7","29.2","87.7","2313","4.6","1",,,,,,"17.1","78.6","2768","4.9","-16","16.7","95.4","2099","-11.5","13.7",,,,,,"2.9","88.9","1024","-9","5",,,,,,,,,,
"Detmers, Reid",672282,2026,"L",41.3,"45.9","94.1","2136","9.2","17","32.8","86","2443","-3.5","-4","9.3","83.8","1605","11.7","11","11","72.3","2524","-11.7","-14.8","1","93.5","2095","14.9","13.7",,,,,,,,,,,,,,,,,,,,
"Orze, Eric",679358,2026,"R",42.6,"26.1","92.8","2272","-9.6","18","14.3","87.4","2551","4.3","6.1",,,,,,"9.3","82","2888","15.6","-5.3",,,,,,,,,,,"50.2","83.5","1685","-14.9","1.2",,,,,,,,,,
"Johnson, Pierce",572955,2026,"R",41.6,"36.2","95.8","2336","-9.7","15.9",,,,,,,,,,,"63.3","86.6","2836","6","-4.5",,,,,,"0.5","91","2653","1.9","8.9",,,,,,,,,,,,,,,
"Kent, Jackson",800600,2026,"L",40.8,"31.3","93.1","2096","5.5","15.9","21.1","86.4","2279","-2","2.4","20.5","85.4","1808","15.8","6.6","14.2","79.1","2518","-6","-15.1","12.9","92.9","2238","13.6","12.2",,,,,,,,,,,,,,,,,,,,
"Lange, Alex",656638,2026,"R",40.8,"10.2","95.9","2282","-10","13.4","31.4","87.9","2275","-1.7","-1.7","21.6","90.7","1803","-16.2","1.4",,,,,,"23.5","95.7","2151","-16.3","6.9","13.3","92.1","2285","-0.4","6.6",,,,,,,,,,,,,,,
"King, John",667463,2026,"L",26.3,"1.3","90.5","2055","6.2","10.3","19.2","82.6","2782","-6.8","-0.7","20","83.8","1561","13.5","-0.4","11.5","79","2854","-11.5","-11.9","32.1","90.4","2175","12.7","1.9",,,,,,,,,,,"16","81.5","2808","-15.5","-1",,,,,
"Roupp, Landen",694738,2026,"R",23.4,"5.8","92.9","2151","-10.5","10.7",,,,,,"20.4","87.1","1859","-15","-2.6","25.6","76.7","3079","19","-8.4","34.3","93.4","2063","-17.1","2.8","14","89.3","2328","2.7","6",,,,,,,,,,,,,,,
"Ginn, J.T.",669372,2026,"R",41.7,"11.3","93.5","2039","-4.7","11.3","12.8","85.9","2308","6.1","-2.2","20","87.8","1509","-11.5","2.5","2.9","84.2","2382","2.4","-4.9","36.8","93.4","1972","-14.4","3.8","16.2","90.3","2145","0.1","6.5",,,,,,,,,,,,,,,
"Freeland, Kyle",607536,2026,"L",28.1,"23.5","91.3","2378","7.2","14",,,,,,"13.5","86.2","1648","12.6","5.1","22.2","82.5","2362","-0.2","-4.7","9.8","91.1","2315","14.3","7.1","21","87.7","2374","-1.1","8.7",,,,,,"9.9","82.7","2321","-8.5","-3.2",,,,,
"Gibson, Trey",694346,2026,"R",38.8,"21.2","95.4","2019","-9","14.8","20.7","87.8","2208","3","-6.2",,,,,,"13.8","84.1","2426","8.3","-13.8","22.9","94.5","2000","-15.4","7.8","19.7","91.6","2381","4.4","9",,,,,,"1.7","84.8","2621","14.7","5.4",,,,,
"Garcia, Julian",670062,2026,"R",52,"30.5","92.4","2702","1.8","16.5","17.7","85.7","2973","4.3","1.3",,,,,,,,,,,,,,,,,,,,,,,,,,"51.8","82.4","2956","11.8","-2.2",,,,,
"Pérez, Martín",527048,2026,"L",43.9,"4.4","89.9","2107","10.1","16",,,,,,"31","81.7","1636","14.6","8.3","7.2","76.7","2413","-5","-3.8","35.4","89.2","1994","16.2","8.8","22","85","2242","-1.4","8.7",,,,,,,,,,,,,,,
"Ginkel, Kevin",656464,2026,"R",42.6,"46.1","95.7","2407","-8.8","15.5","48.4","85.7","2399","4.2","-2.6",,,,,,,,,,,"5.5","95.2","2271","-15","11.7",,,,,,,,,,,,,,,,,,,,
"Pintaro, Jonathan",702752,2026,"R",22.4,"16.1","95.6","2455","-8.1","14.2",,,,,,"6.5","87.4","2063","-13.1","-3.9","4.6","82.3","2968","11.9","-6.4","19.9","94.8","2238","-15.8","1.2","53","91.1","2716","3.4","7.8",,,,,,,,,,,,,,,
"Sasaki, Roki",808963,2026,"R",49.2,"42","97.9","2283","-9.7","16.1","21.6","86.6","2050","1.3","-1.7",,,,,,,,,,,,,,,,,,,,,"29.2","90.2","916","-7.1","1.1",,,,,,,,,,
"De Los Santos, Enyel",660853,2026,"R",24.7,"43.8","95.1","2255","-11.1","13.7","30.3","86.5","2144","0.8","6.5","25.9","85.4","1901","-16.7","8.1",,,,,,,,,,,,,,,,,,,,,,,,,,,,,,
"Harrison, Kyle",690986,2026,"L",31.7,"57","94.8","2369","12.9","14.7",,,,,,"8.9","85.8","1287","10.2","-3.6",,,,,,"1.8","94.3","2287","16.4","10.3","0","89.7","2219","0.4","6.2",,,,,,,,,,,"32.2","82","2158","-10.2","-3.7"
"De Jesus, Enmanuel",646241,2026,"L",43.5,"42.2","94.2","2327","9.8","17.1","6.4","80.4","2675","-4.8","-7.1","22","87.6","2112","16.9","7.7",,,,,,"13.5","94.2","2299","15.3","13","16","85.6","2610","-2.9","1.2",,,,,,,,,,,,,,,
"Bieber, Shane",669456,2026,"R",38.5,"36.6","92.3","2372","-11.2","17.5","10","85.3","2599","0.4","-1.3","18.4","88.2","1419","-12.4","1","18.5","82.6","2509","5.9","-11.7","4.4","92.2","2304","-15.6","12.5","12.2","87.4","2580","0.8","8.5",,,,,,,,,,,,,,,
"Speier, Gabe",642100,2026,"L",28.8,"40.3","95.4","2250","9.4","14.8","25.6","84.2","2230","-3.9","-2.1","0.3","90.6","1628","15.3","2.7",,,,,,"33.4","95.1","2124","17.2","6.8",,,,,,,,,,,"0.4","81.9","2077","-13.7","1",,,,,
"Sears, JP",676664,2026,"L",26,"34.4","93","1951","11","13.5","14","81.2","2280","-4.6","-2","20.8","85","1719","16.3","1.8",,,,,,"14.7","91.8","1985","15.2","9.3","1.7","88.3","2040","2","11.8",,,,,,"14.4","79.7","2217","-12.4","5.8",,,,,
"Santillan, Tony",663574,2026,"R",25.5,"62.9","94.5","2337","-11.5","14","7.9","84.9","2025","7.8","1.9",,,,,,,,,,,,,,,,,,,,,,,,,,,,,,,"29.2","84.6","2207","10.8","-5.3"
"Manaea, Sean",640455,2026,"L",15.5,"38.6","91.3","2053","13.2","10.7",,,,,,"4.3","84.1","1572","14.4","1.7",,,,,,"19","90.3","2053","18.3","4.3","7.9","84.7","2129","-2.4","6.7",,,,,,"30.2","75.8","2269","-12.7","1.4",,,,,
"Bello, Brayan",678394,2026,"R",39.4,"9.6","95.8","2013","-6.1","12",,,,,,"20.3","89.1","1751","-16.2","5.6","3.4","83.4","2439","1.8","-8.3","38.7","95.3","2004","-16.3","6.2","14.5","87.5","2327","-0.1","2.3",,,,,,"13.5","86.1","2325","8.4","-3.4",,,,,
"Estrada, Jeremiah",669093,2026,"R",69.8,"58.4","95.9","2103","-1.2","19.3","9.6","85.9","2209","6.5","0.7",,,,,,,,,,,,,,,,,,,,,"32","82.1","1295","-12.4","7.6",,,,,,,,,,
"Dobbins, Hunter",690928,2026,"R",45,"32.2","94.6","2378","0.2","13","17","87.6","2640","5.7","2.5",,,,,,"11.4","79.3","2582","6.6","-10.8","13.1","94.4","2206","-11.6","9.4",,,,,,"11.7","88","2185","-13.4","5","14.7","82","2736","15.5","0.3",,,,,
"Ahlstrom, Robby",695239,2026,"L",49.4,"32.6","94.4","2182","5.6","17.4","25.8","85.9","2335","-2.3","4.5","15.7","86.7","1324","10.5","7.1","3.7","81","2599","-5.3","-4.1","22.2","94.4","2094","14.2","12.7",,,,,,,,,,,,,,,,,,,,
"McDonald, Trevor",686790,2026,"R",27.2,"1.1","93.7","2252","-10.6","9.6","25.9","85.8","2743","10","-4","14.7","83.8","1614","-13.3","1.3",,,,,,"57.6","93.4","2279","-16.4","1.1","0.6","89.7","2468","-2.8","5.8",,,,,,,,,,,,,,,
"Dobnak, Randy",677976,2026,"R",18.9,"9.7","92.2","2034","-12","8.6","4.9","83.7","2225","-2.3","-2.9","22.1","84.7","1477","-8","-3.5",,,,,,"38.6","91.5","1949","-14.7","1.3",,,,,,,,,,,"24.8","82.4","2480","8.6","-1.1",,,,,
"Hurter, Brant",676428,2026,"L",29.5,"4.5","91.7","2077","6.1","8.9",,,,,,"10.8","87.6","1646","14.7","0.1",,,,,,"54.6","91.8","2062","16.1","2",,,,,,,,,,,"30","81.2","2660","-13.5","1.1",,,,,
"Mize, Casey",663554,2026,"R",43.6,"34.9","93.3","2248","-9.6","17.8","27.7","87.4","2234","3.6","5",,,,,,,,,,,"9.6","93.5","2297","-13.9","14.8",,,,,,"23.6","87.7","1515","-14.6","5.9",,,,,,"4.2","81.2","2543","13.5","-6.9"
"Kochanowicz, Jack",686799,2026,"R",36.4,"22.2","96.2","2285","-6.8","13.7","16.3","85.6","2824","5.8","-4","23.2","89.9","2169","-10.3","0.9",,,,,,"38.2","95.7","2136","-13","4.6",,,,,,,,,,,,,,,,,,,,
"Lopez, Jacob",682052,2026,"L",19.2,"34.5","90.3","2198","13.5","12.7","34","76.1","2390","-10.4","2.9","8.7","82.4","2107","17.6","4.4",,,,,,"2.8","89.7","2065","18","6.6","20","86.1","2227","0.7","8.2",,,,,,,,,,,,,,,
"Leiter, Jack",683004,2026,"R",46.3,"38.5","96.7","2435","-8.1","17.4","18.3","86.5","2639","3.3","-0.9","17.4","90","1560","-12.7","4.3","8.7","81.9","2754","4.3","-12.4","7.3","95.7","2387","-14.2","13.9","9.8","93","2456","1","11.2",,,,,,,,,,,,,,,
"Wrobleski, Justin",680736,2026,"L",35.7,"49.1","94.7","2462","6.3","16.1","28.1","86.6","2461","-3.5","0","5","85.6","1514","13.9","5.4","4.6","75.1","2231","-6.6","-6.1","8.3","94","2217","14.2","9.9","1.5","91.4","2526","-1.3","6.8","0","83.3","936","3.2","11.1","3.4","84.9","2645","-15","-3",,,,,
"Graceffo, Gordon",700669,2026,"R",50,"38.2","95.3","2050","-7","15.5","18.3","86.7","2411","1","-2.7","13.5","88.2","1245","-13.5","4.2","8.2","83.2","2753","2.2","-16","7","94.8","1980","-13.1","12.1","14.7","89.4","2368","0.8","2.9",,,,,,,,,,,,,,,
"McClanahan, Shane",663556,2026,"L",39.5,"38.5","95.6","2221","9.7","16","18.4","88.2","2359","-3","1.9","28.2","86.9","1551","16.1","4.1","14.9","82.2","2508","-4.2","-9.3",,,,,,,,,,,,,,,,,,,,,,,,,
"Bird, Jake",656234,2026,"R",18.8,"16.2","93.4","2488","-3.1","11.6",,,,,,"0.9","85.2","1598","-11.6","-3.8","11.4","81","2853","16.3","-9.2","33.2","94.7","2278","-15.7","3",,,,,,,,,,,"38.3","84.2","2716","14.4","5.7",,,,,
"Young, Brandon",687064,2026,"R",42,"40.1","94.4","2239","-5.8","17.7","15.5","84.5","2045","2.1","3.3",,,,,,"11.7","75.2","2709","12.7","-15.5","13.8","93.9","1877","-14.8","11.2",,,,,,"18.9","84.5","1433","-9","2.3",,,,,,,,,,
"Herrin, Tim",682120,2026,"L",33.6,"19.8","94.7","2351","7.1","12","25.3","87.2","2166","0.1","2.4","0.4","87.1","1200","9.8","4.2","30.3","80.2","2320","-11.3","-3.4","24.1","93.6","2215","15.3","5.3",,,,,,,,,,,,,,,,,,,,
"Ashcraft, Braxton",677952,2026,"R",37.7,"30.6","97.3","2347","-9.4","15.3","22.2","91.8","2595","1","4.4",,,,,,"26.4","85","2731","6.9","-10.6","16.6","97.1","2309","-16.2","6.8",,,,,,"4.1","91.8","1899","-14.7","5.8",,,,,,,,,,
"Misiorowski, Jacob",694819,2026,"R",29.8,"63.4","100.6","2635","-11.2","15.3","11.2","91.8","2527","3.5","1.7","1.1","92.5","2037","-15.7","5","10.3","88","2229","5.6","-8","0.1","100.6","2618","-14.2","12.1","13.9","95.8","2581","1.4","7.2",,,,,,,,,,,,,,,
"Thielbar, Caleb",573204,2026,"L",54.7,"39","93.3","2309","4.2","18.8","21.5","87.5","2311","-4.8","5.2",,,,,,"25.5","76.3","2588","-6.8","-14.3",,,,,,,,,,,,,,,,"14","80.2","2487","-14.9","-1.4",,,,,
"Ober, Bailey",641927,2026,"R",28.2,"31.4","88","2243","-6.9","16.1","18.1","82.5","2084","4.4","6.6","33.2","82.6","2057","-18.4","6.3","1.4","72.8","2115","10.1","-8.1","3.2","88.7","2115","-14.1","9.8",,,,,,,,,,,"12.8","76","2196","12.5","1.6",,,,,
"Elder, Bryce",693821,2026,"R",48.3,"22.4","92.4","2233","-4.2","15.4","22.4","83.1","2451","3.3","-3.3","12.3","85.7","1568","-12","3.9",,,,,,"27.9","91","2087","-13.7","8.1","15","88.5","2209","1.9","10.3",,,,,,,,,,,,,,,
"Cruz, Fernando",518585,2026,"R",47.5,"31.9","93.2","2241","-5.4","17.1",,,,,,,,,,,,,,,,"3","92.6","2080","-13.6","13.5",,,,,,"51.3","80","724","-4.2","1.4","13.9","82.2","2563","12.7","4.2",,,,,
"Lord, Brad",695418,2026,"R",17.4,"36.9","94.6","2451","-15.8","10.3","19.1","85.3","2571","1.7","-1.9","4.6","86.2","1966","-16.3","2.9",,,,,,"25","94.3","2335","-18.9","3.5",,,,,,,,,,,"14.3","83.5","2696","10.4","0.3",,,,,
"Sommers, Drew",805427,2026,"L",11.9,"34.1","94.9","2208","13","10.6","20.2","83.4","2325","-10.1","-1.6","3.7","88.3","1775","15.2","-0.8",,,,,,"41.9","95","2168","16.9","4.1",,,,,,,,,,,,,,,,,,,,
"Whisenhunt, Carson",687931,2026,"L",48.8,"34.8","92.8","2252","10","16.6","16.4","85.1","2466","-1","0.5","35","83.4","1909","15.7","7.1",,,,,,"9.2","92.9","2195","15.9","9.4",,,,,,,,,,,,,,,,"4.5","80.7","2764","-12","-8"
"Peterson, David",656849,2026,"L",40,"25.2","92.5","2168","2.5","12.1","21.9","86.4","2268","-2.6","2.7","13","85.7","1584","13.5","3.6","10.4","80.5","2416","-5.5","-7.9","29.5","92.1","2128","13.7","8.2",,,,,,,,,,,,,,,,,,,,
"Weaver, Luke",596133,2026,"R",47.1,"51.1","95.3","2445","-6.2","18.8","0.1","84.8","2519","5.3","-3.6","34.1","88.1","1903","-12.8","5.4",,,,,,"0.1","94.3","2193","-7.7","13.1","14.6","90.6","2415","2.8","9.6",,,,,,,,,,,,,,,
"Phillips, Connor",683175,2026,"R",37.4,"49.7","98.3","2477","-10","16.4",,,,,,,,,,,"3.2","87.3","2229","4","-7.6",,,,,,,,,,,,,,,,"47.1","86","2490","15.5","2",,,,,
"Miller, Bryce",682243,2026,"R",46.2,"39.8","95.9","2515","-4.4","18.6","11.4","87.3","2479","4.2","1.2",,,,,,"4.2","82.9","2336","4.1","-12.6","8.6","95.3","2435","-13.2","13.7","5.4","91","2597","4.5","9.3","23.4","84.6","1115","-9.4","4.2","7.2","83.7","2381","15","-6.9",,,,,
"Suarez, José",660761,2026,"L",41.2,"36.3","92.7","2367","7.9","16.5","26.2","81.7","2838","-5.9","-1.4","24.1","82.9","1605","13.3","2.9",,,,,,"9.7","91.5","2195","15.1","10.8","0.7","87.6","2475","0.8","11",,,,,,"3","78.1","2838","-11.9","0.9",,,,,
"Whitlock, Garrett",676477,2026,"R",42.9,,,,,,"26","86.1","1966","0.3","-1.7","18","84.3","2244","-15.8","0.9",,,,,,"56","94.9","2176","-11.4","16.1",,,,,,,,,,,,,,,,,,,,
"Booser, Cam",592155,2026,"L",33.1,"45.4","95.7","1972","8.9","15.7",,,,,,"1.2","87.8","1533","15.8","3.8",,,,,,,,,,,"42.8","88.3","2116","-3.4","3.8",,,,,,"10.6","82","2080","-13.6","-2.7",,,,,
"Marinaccio, Ron",676760,2026,"R",26.8,"42.6","93.7","2181","-14.1","13.1",,,,,,"27.3","81.9","2219","-18","1.1",,,,,,,,,,,"20.8","86.5","2203","2.1","6.4",,,,,,"9.3","81.9","2422","11.2","4.6",,,,,
"Matz, Steven",571927,2026,"L",33.1,,,,,,"7.9","82.4","2308","-9.8","-2.2","28.5","83","2348","15.1","0.7","13.4","78.8","2268","-11.4","-10.9","50","93.6","2192","16.2","11.3","0.2","88.2","2082","2","5.5",,,,,,,,,,,,,,,
"Holmes, Grant",656550,2026,"R",39.1,"28.2","94.2","2323","-7.2","15.4","36.1","85.4","2728","1.9","-2.8","7.3","89.3","1591","-14.1","2.6","7.8","83","2775","2.4","-7.8","12.5","93.2","2248","-14.2","8","8.2","92.1","2434","-1.1","12",,,,,,,,,,,,,,,
"Barlow, Scott",605130,2026,"R",23.8,"13.1","89","2321","-3.8","11.5","4","82.5","2460","5.1","1.6",,,,,,"34.3","76.2","2508","14.9","-7.2","13.3","89.1","2146","-13.8","7.3",,,,,,,,,,,"35.5","79.2","2395","10.9","7.8",,,,,
"Mikolas, Miles",571945,2026,"R",43.9,"24.6","93.2","2220","-7.6","15.3","23.2","87.9","2233","2.7","6.4","8","85.6","1568","-12.9","1.9","15","76.8","2517","6.3","-13.8","23.9","92.8","2137","-14.9","9.7",,,,,,,,,,,"5.3","82","2402","8.1","-1.9",,,,,
"Nola, Aaron",605400,2026,"R",19.4,"24","92.3","2354","-12.8","14.6","0.7","83.2","2312","3.5","-0.5","16.3","85.6","1558","-14.6","2.9","33.3","78.4","2629","14.8","-10.3","18.2","91.6","2271","-17.4","8.2","7.6","86.2","2300","0.7","7.6",,,,,,,,,,,,,,,
"Sewald, Paul",623149,2026,"R",15.1,"55.4","91.4","2573","-10.6","12.3",,,,,,,,,,,,,,,,,,,,,"2.1","88.8","2472","-1.6","7.8",,,,,,"42.5","82.9","2480","11.2","5.8",,,,,
"Jax, Griffin",643377,2026,"R",43,"18.1","95.9","2540","-7.9","17.9",,,,,,"22.6","90.8","1886","-15.9","3.9","8.7","84.9","3017","5","-14.3","22.7","95.3","2530","-16.7","11.2","2.9","92.8","2681","1.3","8.8",,,,,,"25.1","87.5","3023","12.9","-1.1",,,,,
"Muñoz, Andrés",662253,2026,"R",29.8,"42.9","99.8","2335","-8","13.5","42.4","87.2","2385","6.4","-1","6.9","92.9","1585","-13.7","-1.6",,,,,,"7.8","98.5","2207","-15.7","7.4",,,,,,,,,,,,,,,,,,,,
"Fluharty, Mason",689254,2026,"L",34.9,,,,,,,,,,,"10.3","87.3","1859","12.7","1.7",,,,,,,,,,,"49.9","90.8","2640","-2","11.4",,,,,,"39.7","82.2","2674","-15.2","1.4",,,,,
"Mahle, Tyler",641816,2026,"R",40.9,"48.3","92.8","2301","-11.3","17.4","6.4","85","2496","5.2","1.6",,,,,,,,,,,"0.7","91.9","2294","-11.9","14.3","14.9","87.8","2431","-0.1","10.1","29.7","86.3","1627","-13.4","4.5",,,,,,,,,,
"Eovaldi, Nathan",543135,2026,"R",37.5,"13.8","94.4","2181","-11.9","13.5","0.8","86.4","2095","4.2","5",,,,,,"22.2","76.3","1895","8.2","-8.3","6.8","93.4","2129","-16.1","10.1","19","90.2","2244","1.8","10.2","37.4","88.4","1557","-13","1",,,,,,,,,,
"Rasmussen, Drew",656876,2026,"R",52.4,"28","95.8","2504","-4.5","17.9",,,,,,"13.3","89.6","1214","-11.8","2.5","3.5","80.2","2596","4.6","-12.6","23.8","95.3","2407","-16.5","12.4","28.9","90","2632","4.5","3.9",,,,,,"2.6","84.5","2470","12","-0.6",,,,,
"Kelly, Kevin",687330,2026,"R",1.1,"7.1","93.2","2113","-12.9","9.9",,,,,,"28.1","85.9","1877","-12.4","-7.5",,,,,,"57.5","91.3","2042","-17.1","-4.1","0.3","89.1","2259","-0.6","9.1",,,,,,"7","78.3","2551","18.6","5.9",,,,,
"Rocker, Kumar",677958,2026,"R",33.7,"14.7","94.5","2154","-10.5","12.2","37.6","83.1","2187","0.8","-4","3.2","88.7","1635","-14.5","6.2",,,,,,"29.5","94.3","2141","-16.1","7.6","14.1","90.2","2158","0.9","7.2","0.8","88","1602","-13.5","3.9",,,,,,,,,,
"Lugo, Seth",607625,2026,"R",28.5,"16.4","91.7","2277","-8.9","15.3","9.2","84.3","2672","5","1","9","85.1","1733","-15.7","3","17.3","76.2","3108","16","-11.7","19.5","91.4","2338","-16.4","7.8","15.9","89.8","2350","-0.4","11.9",,,,,,"11.4","79.2","2910","17.3","-0.3","1.3","77.2","2907","16.7","-5.9"
"Lorenzen, Michael",547179,2026,"R",39.5,"18.9","94","2403","-10.2","13.8","7.5","86.3","2539","1.6","0.9","20.4","84.6","2087","-14.5","8.3","10.5","82.7","2534","0.4","-9.5","20.3","93.4","2253","-15.3","8","14.4","90.2","2513","-0.5","6.8",,,,,,"8","82.8","2567","9","0.2",,,,,
"Cole, Gerrit",543037,2026,"R",37.7,"49.1","96.8","2322","-9.8","16.8","20","89.5","2498","4.4","2.5","12.9","86","1929","-14.9","8.5","14.1","83.3","2816","11.7","-13.9","3.5","96","2315","-16.1","11.5","0.4","92.8","2345","1.9","8.6",,,,,,,,,,,,,,,
"Criswell, Cooper",681867,2026,"R",7.4,"7","90.6","2265","-9.6","9.7",,,,,,"26.5","85.3","1547","-13.5","-6.5",,,,,,"28.5","90.7","2058","-15.8","-3.5","19.6","87","2305","1.6","5.8",,,,,,"17.8","78.3","2628","19.1","6.5","0.6","82.1","2707","14.8","-2"
"López, Reynaldo",625643,2026,"R",40.9,"53.9","94.1","2060","-7","16.6","31.1","84.2","2310","5.3","0.3","4.2","84.3","1593","-11.3","10.2","10.8","74.6","2287","7.5","-7.7",,,,,,,,,,,,,,,,,,,,,,,,,
"Kilian, Caleb",668873,2026,"R",46.5,"49.9","96.8","2380","-1.8","15.7","12.8","88.3","2535","5","-0.1",,,,,,"23.8","80.9","2703","10.5","-14.8","13.5","96","2408","-13.2","11.5",,,,,,,,,,,,,,,,,,,,
"Melton, Troy",675512,2026,"R",38.6,"32.8","96.4","2266","-6.6","15.2","17","86.9","2424","6.6","-0.2","11.3","89.3","1305","-10.6","1.5","7.9","79.5","2467","16.1","-8.9","9.1","95.7","2131","-14.5","10","21.9","92.2","2330","4","7.4",,,,,,,,,,,,,,,
"Brown, Ben",676962,2026,"R",40.9,"37","96.3","2208","-8.4","16",,,,,,"6","90.1","1290","-10.1","4.4","36.5","86.8","2307","2.9","-3.2","20.6","96.4","2149","-14.8","12.6",,,,,,,,,,,,,,,,,,,,
"Cecconi, Slade",677944,2026,"R",38.8,"26.9","93.6","2375","-11","16.2","4.6","83.4","2535","2.4","-5.2","2","83.1","1425","-12.5","5.3","14.8","76.1","2430","9.1","-12.8","20.1","93.5","2274","-16.5","9.2","25.6","88.5","2254","1.4","6.9","0.1","84.4","1016","-3.7","7.8","5.9","83.1","2506","10.6","-0.1",,,,,
"Ray, Robbie",592662,2026,"L",43.8,"31.3","93.1","2331","9.3","17.4","23.4","86.1","2219","-1.2","6.4","18.6","86.2","1622","11.2","10.7","11.6","79.6","2175","-4.1","-7.1","15.2","92.6","2237","14.5","11.7",,,,,,,,,,,,,,,,,,,,
"Woods Richardson, Simeon",680573,2026,"R",47.6,"43.4","92.6","2204","-5.7","18.4","22.1","86","2211","4","6",,,,,,"9.6","76.8","2586","6.9","-13.8","0.1","91.7","2164","-10.6","18",,,,,,"24.7","86.8","1139","-11.5","6.9",,,,,,,,,,
"Farris, Mitch",815083,2026,"L",50,"44.8","91.7","2164","9","17.3","13.9","81.7","2401","-3","-3.8","25.5","78.8","1694","15.9","-0.1",,,,,,,,,,,"15.7","88.7","2106","0.6","10.1",,,,,,,,,,,,,,,
"Latz, Jacob",656641,2026,"L",52,"55.6","94.8","2344","8.8","19.1","16.9","85.6","2561","-5.9","3","20.1","86.1","2081","14.9","11.6","7.4","80.6","2771","-4.8","-12.9",,,,,,,,,,,,,,,,,,,,,,,,,
"Silseth, Chase",681217,2026,"R",34.5,"42","95.9","2406","-6.8","16.1",,,,,,,,,,,,,,,,"12.8","95.7","2330","-14.1","9.4",,,,,,"24","88.2","1062","-10.6","1.7","21.3","85.9","2873","10.4","-0.7",,,,,
"Scherzer, Max",453286,2026,"R",31.3,"47.2","92.9","2332","-8.9","16.4","16.9","85.3","2430","3.6","3.2","15.5","83.9","1360","-14.3","4","14.6","74.5","2707","13.2","-7.4",,,,,,"5.7","87.7","2563","3.2","7.7",,,,,,,,,,,,,,,
"Schreiber, John",670167,2026,"R",9.2,"28","93.8","2269","-10.6","10.1",,,,,,"6.5","86.7","1228","-9.8","-4.1",,,,,,"25.8","93.3","2228","-15.9","-1.7","12.6","89.6","2457","-0.2","5.3",,,,,,"27.1","82.4","2667","14.7","1.4",,,,,
"Junk, Janson",676083,2026,"R",45.9,"35.5","94.1","2352","-6.3","18.5","19.2","86.3","2447","5.9","1.7","17.5","87.3","1406","-14.1","1.2","9","80.7","2512","8.1","-13.8","3.9","93.6","2242","-14.6","10.8",,,,,,,,,,,"14.4","80.1","2425","15.8","1.2","0.5","84.8","2614","5.5","-8.2"
"Festa, Matt",670036,2026,"R",33.6,"49.3","92.7","2535","0.8","11.7",,,,,,,,,,,,,,,,"5.9","93.4","2415","-10.1","10.4","4.8","91.1","2505","5.1","7.8",,,,,,"40","83.5","2707","15.6","1.3",,,,,
"Woo, Bryan",693433,2026,"R",24.3,"47.2","96.1","2264","-10.7","14.4","13.3","87.1","2210","2.4","1.7","6.3","89.6","1963","-15.7","2.8","2.5","83","2286","6","-5.6","19.1","95.9","2267","-16.2","5.6",,,,,,,,,,,"11.6","84.5","2479","10.5","3.5",,,,,
"Lodolo, Nick",666157,2026,"L",14.3,"27.4","93.8","2271","16.6","8.7",,,,,,"22.6","88","1878","17.3","0.8","24.4","82.4","2575","-6.6","-0.7","25.6","93.6","2296","18.8","4.6",,,,,,,,,,,,,,,,,,,,
"Zuber, Tyler",676604,2026,"R",30.1,"39.5","95.5","2379","-9.2","15.7","17.3","89.1","2678","6.1","2.6",,,,,,"6.3","83.3","2965","11.6","-5.5","11.8","94.7","2183","-16","5.7",,,,,,,,,,,"25.1","83.7","2748","16.7","6.8",,,,,
"Blewett, Scott",656240,2026,"R",43.5,"24.8","95.6","2304","-6.9","15.3","25.3","85","2172","1.4","-1.1",,,,,,,,,,,"9.9","94.7","2127","-13.3","12.4","33.2","89.4","2323","3.6","6.5","6.7","86.7","1089","-7.5","1.4",,,,,,,,,,
"Bachar, Lake",669199,2026,"R",40.2,"30.2","94.4","2714","-9.2","18.3","22.3","89.8","2689","0.8","3.3",,,,,,"20.4","86.4","2895","2.3","-7.1","4.3","93.2","2678","-15.6","9.1",,,,,,"7.2","84.3","1668","-15.6","5.7","15.5","86.7","3059","7.9","-0.5",,,,,
"Watson, Ryan",670245,2026,"R",36,"18.8","94.2","2218","-6.8","15.7",,,,,,,,,,,"17.8","83.3","2256","11.7","-11.6","14.3","93.6","2175","-16.1","8.3","24.4","90","2063","1.4","7.2","0.9","89.2","1342","-11.1","4.9","23.8","85","2117","11.8","5",,,,,
"Lynch IV, Daniel",663738,2026,"L",40,"14.6","94.5","2282","8.5","15.7","19.4","87.3","2301","-2.5","3.1","24.3","85.5","1515","13.6","2.1","9.1","81.8","2245","-2.9","-1.5","32.6","93.9","2145","16","9.5",,,,,,,,,,,,,,,,,,,,
"Seymour, Carson",693313,2026,"R",39.2,"16.8","97.2","2232","-8.5","12.8","24.7","88.7","2079","0","-6.2",,,,,,"0.2","85.6","1639","6.7","-2.4","33.6","96.6","2256","-15.3","5.2","21.9","94.4","2447","-1.1","4.9","2.8","91.7","1303","-11.8","-1.5",,,,,,,,,,
"Schultz, Paxton",687606,2026,"R",33.6,"33.9","93.6","2249","-8.2","16","7.2","84.8","2252","5.3","2.7","14.3","86.7","1693","-7.1","3.5",,,,,,,,,,,"44.6","88.8","2269","2.3","9",,,,,,,,,,,,,,,
"Sheehan, Emmet",686218,2026,"R",32.1,"42.8","94.4","2447","-9.1","18.3","29.3","86.6","2372","2.3","2.9","15.6","85.5","1273","-13.8","-0.6","12.3","77.7","2633","10.2","-13",,,,,,,,,,,,,,,,,,,,,,,,,
"Miles, Spencer",693686,2026,"R",37.5,"14.3","96","2228","-8.2","14.9","16.1","87.3","2537","3.9","-0.8","0.1","86.5","1719","-15","5.8","24.5","80.9","2858","13.5","-10.5","44.9","96.3","2278","-16.3","7.4",,,,,,,,,,,,,,,,,,,,
"Bruihl, Justin",677865,2026,"L",26.5,"6.1","91.7","2257","5.4","11.9",,,,,,"8.5","80.3","1429","11.1","0",,,,,,"43.7","90.2","2169","16","1.9","0.9","86.9","2426","-0.4","5.6",,,,,,"40.8","77.9","2548","-17.9","-1.6",,,,,
"Matthews, Zebby",805673,2026,"R",37.3,"35.8","95.2","2292","-8.8","16.1","22.8","87.3","2388","3.5","3","13.2","86.7","1517","-14.6","4.4","11.1","79.8","2355","8.5","-8.9","4.7","95.2","2318","-15.5","11.2","12.4","90.9","2491","0.3","9.7",,,,,,,,,,,,,,,
"Holton, Tyler",663947,2026,"L",38.6,"12.7","91.5","2183","5.9","15.8",,,,,,"16.5","83.4","1479","13.8","3.3","3.3","79.1","2788","-11.8","-14.9","20.4","91","2074","15.3","8.9","31.8","87.7","2393","-4.2","6",,,,,,"15.5","79.9","2796","-17.3","-1.8",,,,,
"Cameron, Noah",702070,2026,"L",52.9,"24","92.5","2307","6","16.9","13.5","85.2","2478","-3.3","3","20","81","1631","12.6","9.7","16.3","81.7","2294","-3.7","-9.3","5.1","91.5","2244","12.6","11.1","21.1","89.8","2334","-2.5","9.3",,,,,,,,,,,,,,,
"Uribe, Abner",682842,2026,"R",36.9,"0.2","97.9","2336","-10.6","10.2","38","87.9","2537","10.2","4.2",,,,,,,,,,,"61.8","98.8","2301","-13.7","6.7",,,,,,,,,,,,,,,,,,,,
"Rodriguez, Grayson",680570,2026,"R",38,"51.1","96.1","2258","-11.6","15.4","10.8","84.9","2385","5.1","1.3","26.4","83.2","1742","-10.6","4.3","11.7","80.8","2658","6.8","-8.3",,,,,,,,,,,,,,,,,,,,,,,,,
"Stock, Robert",476594,2026,"R",14,"23.8","95.8","2285","-12.5","10.9",,,,,,"8.6","80.9","1579","-14","5.3","1.6","79.5","2570","13.3","-12.6","22.3","94.1","2193","-16.6","2.1","31.6","91.1","2391","-0.8","8.2",,,,,,"12.1","80.9","2500","16.5","4.6",,,,,
"Lambert, Peter",663567,2026,"R",48.6,"31.5","93.9","2304","-7.9","17.6","11","85.6","2635","3.2","1.7","23.7","86.9","1553","-13.2","8.4","0.3","77.9","2635","11","-17.1","10.2","93.5","2195","-15.1","12.2","10.2","91.6","2326","1.1","12.1",,,,,,"7.8","82.8","2733","15.9","-1.8","5.3","80.2","2593","14.9","-12.5"
"Prielipp, Connor",687570,2026,"L",39.2,"26.4","95.6","2266","8.3","15.2","29.7","87.9","2916","-2.9","1.3","10","86.7","1912","13.6","4.1","18.6","83.3","3240","-12.4","-7","15.3","95","2262","14.8","9.5",,,,,,,,,,,,,,,,,,,,
"Teng, Kai-Wei",678906,2026,"R",23.6,"27.3","93.3","2471","-9.9","13.3","1.7","85.5","2677","3.9","2.9","9.9","87","1642","-14.6","4.4","9.2","82.4","2622","16.4","-8.3","16.7","93.2","2408","-15.9","5.8",,,,,,,,,,,"35.4","84.2","2732","15","0.9",,,,,
"Svanson, Matt",694335,2026,"R",28,"1.1","96.4","2198","-6.7","11.4",,,,,,,,,,,,,,,,"44.9","96.3","2263","-15.3","7.7","21.7","92","2289","2.1","6",,,,,,"32.2","86.6","2234","10.7","2.1",,,,,
"Winn, Keaton",676775,2026,"R",39,"24.5","96.1","2344","-9.5","14.4","7.5","88.4","2291","0.7","2.8",,,,,,,,,,,"22.4","95.3","2313","-13.2","6.5",,,,,,"45.7","89.3","1556","-13.5","0.4",,,,,,,,,,
"Patrick, Chad",694477,2026,"R",31.5,"25.1","95.6","2339","-7.2","15.3",,,,,,"0.6","91","1988","-11","7.7",,,,,,"23.7","95.6","2154","-15.2","8.8","42.5","89.9","2472","2.7","12",,,,,,,,,,,"8.2","86.1","2428","4.9","-2.9"
"Mathews, Quinn",687273,2026,"L",37.7,"38.6","93.4","2242","5.1","16.3","22.5","84.8","2349","-3.5","1.3","15.9","83","1345","11","4.4","13.4","75.8","2442","-9.9","-12.1","9.6","92.9","2238","10.8","12.5",,,,,,,,,,,,,,,,,,,,
"Houser, Adrian",605288,2026,"R",38.1,"21.7","95.7","2283","-8.8","14.6","9.8","88.4","2414","2.1","4.4","15.9","85.3","1541","-13.3","4.4","6.9","82.3","1929","8.4","-9.4","45.8","94.9","2206","-16.2","7.5",,,,,,,,,,,,,,,,,,,,
"Imai, Tatsuya",837227,2026,"R",25.8,"44.3","94.8","1997","-12.7","10.9","45.5","86.6","2275","-4.1","1","2.7","86.6","1982","-13.2","7.4","0.4","77.6","2470","8.1","-8.6","4.2","94.5","1952","-18","5.5",,,,,,"2.9","84.7","1251","-13.3","3",,,,,,,,,,
"Civale, Aaron",650644,2026,"R",44.4,"10.3","91.5","2404","-6.4","18.5","3.1","82.5","2848","8.4","-3.5",,,,,,"25.5","77.4","3060","11.4","-14.9","16","91.6","2284","-13.8","13","37.8","88.1","2662","6","10.1","7.2","84.9","1936","-14.5","7.5",,,,,,,,,,
"Márquez, Germán",608566,2026,"R",38.5,"38.1","94.6","2167","-12.7","14.7","13","87.7","2331","-2.7","5.5","3.2","87","1611","-13.2","6.8","31.8","85.4","2603","1.1","0.8","13.9","94.1","2142","-16.1","11.6",,,,,,,,,,,,,,,,,,,,
"Blackburn, Paul",621112,2026,"R",46.4,"2.7","94.7","2261","-5.3","16.7","0.5","85.6","2601","6","0.8","21.4","87.5","1792","-13","6.6","14.5","81.1","2710","8.2","-17.2","34","94.3","2029","-13.6","9.8","19.6","91.8","2469","3.5","8.5",,,,,,"7.4","83.8","2756","15.2","-2.7",,,,,
"Pagán, Emilio",641941,2026,"R",40.5,"62.8","94.9","2525","-8.6","18",,,,,,,,,,,,,,,,,,,,,"19.6","85.9","2293","4.2","4","17.7","82.8","869","-8.5","2.4",,,,,,,,,,
"Moll, Sam",594580,2026,"L",13.5,"11.7","92.6","2607","10.9","9.8",,,,,,"15.8","84.6","1698","12.5","-6.9",,,,,,"36.4","91.5","2458","15.7","-1.9",,,,,,,,,,,"36.1","81.2","2845","-14.5","-2",,,,,
"Roycroft, Chris",688297,2026,"R",25.9,"23.3","95.1","2205","-5.1","9.7",,,,,,"0.9","89.8","1777","-16.4","7.7",,,,,,"50.2","96.4","2166","-16.6","2.2","19.4","89.2","2163","2.1","2.2",,,,,,"6.2","86","2289","11.2","5.4",,,,,
"Miller, Erik",669062,2026,"L",39.3,"6","96.8","2336","9.1","15.3","41","85.6","2560","-4.1","-0.7","3.6","87.7","1872","16.1","3.8",,,,,,"49.4","96.8","2343","17.4","8.6",,,,,,,,,,,,,,,,,,,,
"Sale, Chris",519242,2026,"L",10.9,"41.4","96.1","2351","14.6","9.9","39.9","79.8","2529","-12.5","-4.2","10.3","88.5","1859","16.4","-0.2",,,,,,"8.4","95.6","2211","18","2.5",,,,,,,,,,,,,,,,,,,,
"Zeferjahn, Ryan",666171,2026,"R",35.8,"32.6","97.5","2279","-3.1","15.9","9.9","88.7","2541","6.6","-0.2",,,,,,"2.2","84.3","2725","10.4","-7.4","15.8","96.4","2066","-14","8.6",,,,,,,,,,,"39.6","85.5","2689","14.8","5.1",,,,,
"Ashby, Aaron",676879,2026,"L",53.9,"1.7","97.3","2224","5.3","14.3","11.9","85.1","2536","-8.9","-6.5","11.9","91.9","1805","13.3","4","22.3","83.7","2717","-7","-17.2","52.2","97.7","2097","13.7","8.4",,,,,,,,,,,,,,,,,,,,
"Adams, Travis",701519,2026,"R",42,"24.3","94.4","2416","-5.7","16.4","24.5","86.9","2343","4.5","2.1","24.5","86.2","1932","-15.1","5.1",,,,,,"6.1","94.1","2223","-14.4","7.7","20.5","91.8","2507","3.1","9.3",,,,,,,,,,,,,,,
"Bennett, Jake",687562,2026,"L",31,"35.2","92.8","2149","12","11.8",,,,,,"27.1","83.5","1984","12.8","5.4","2.5","78.8","2219","-3.6","-9.6","24","92.3","2041","16.8","4.4","3.7","85","2063","0.5","3",,,,,,"7.6","79.6","2232","-11.5","-6",,,,,
"Kimbrel, Craig",518886,2026,"R",23.7,"65.5","93.6","2275","-11.7","15",,,,,,"3.1","88.5","1630","-16.5","2.6","9.7","84.2","2585","11","-7.5","8","93.8","2093","-17.2","9.5",,,,,,,,,,,"13.8","85.6","2591","13.2","0.2",,,,,
"Senzatela, Antonio",622608,2026,"R",39.5,"30.6","97.3","2309","-5.6","13.3","1.8","86.3","2418","6.6","4.7","4.5","90.8","2255","-11.8","6.8","8.5","83.5","2502","5.2","-4.6","21","96.8","2213","-13.9","6.7","33.6","92.3","2270","2.7","7",,,,,,,,,,,,,,,
"Bubic, Kris",663460,2026,"L",38.2,"41.4","91.9","2395","2.5","17.2","8.5","85.4","2570","-2.6","-1.9","20.5","85.9","1508","9.2","-0.1",,,,,,"12.8","91.4","2247","12.3","8.4",,,,,,,,,,,"16.8","82.5","2606","-13.8","-4",,,,,